,Unnamed: 0,Survived,Age,Fare,Sex,Pclass,SibSp,Parch,Embarked
0,0,0,-0.5723083624193249,7.25,male,3,1,0,S
1,1,1,0.6182521340369286,71.2833,female,1,1,0,C
2,2,1,-0.2746682383052615,7.925,female,3,0,0,S
3,3,1,0.3950220409513811,53.1,female,1,1,0,S
4,4,0,0.3950220409513811,8.05,male,3,0,0,S
5,5,0,-0.4270015168272827,8.4583,male,3,0,0,Q
6,6,0,1.8088126304931822,51.8625,male,1,0,0,S
7,7,0,-2.0605089829896417,21.075,male,3,3,1,S
8,8,1,-0.20025820727674565,11.1333,female,3,0,2,S
9,9,1,-1.1675886106474516,30.0708,female,2,1,0,C
10,10,1,-1.91168892093261,16.7,female,3,1,1,S
11,11,1,2.1064527546072456,26.55,female,1,0,0,S
12,12,0,-0.7211284244763566,8.05,male,3,0,0,S
13,13,0,0.6926621650654444,31.275,male,3,1,5,S
14,14,0,-1.1675886106474516,7.8542,female,3,0,0,S
15,15,1,1.883222661521698,16.0,female,2,0,0,S
16,16,0,-2.0605089829896417,29.125,male,3,4,1,Q
17,17,1,0.17272673724010873,13.0,male,2,0,0,S
18,18,0,0.09738191683731773,18.0,female,3,1,0,S
19,19,1,-0.027429555435555135,7.225,female,3,0,0,C
20,20,0,0.3950220409513811,26.0,male,2,0,0,S
21,21,1,0.32061200992286526,13.0,male,2,0,0,S
22,22,1,-1.0931785796189357,8.0292,female,3,0,0,Q
23,23,1,-0.1258481762482298,35.5,male,1,0,0,S
24,24,0,-1.6140487968185466,21.075,female,3,3,1,S
25,25,1,0.6182521340369286,31.3875,female,3,1,5,S
26,26,0,-0.027429555435555135,7.225,male,3,0,0,C
27,27,0,-0.7955384555048725,263.0,male,1,3,2,S
28,28,1,-0.5351861236142255,7.8792,female,3,0,0,Q
29,29,0,-0.14917221538851916,7.8958,male,3,0,0,S
30,30,0,0.7670721960939603,27.7208,male,1,0,0,C
31,31,1,0.4621498102765738,146.5208,female,1,1,0,C
32,32,1,0.3936453374693172,7.75,female,3,0,0,Q
33,33,0,2.7017330028353723,10.5,male,2,0,0,S
34,34,0,-0.1258481762482298,82.1708,male,1,1,0,C
35,35,0,0.915892258150992,52.0,male,1,1,0,S
36,36,1,-0.5071588503407715,7.2292,male,3,0,0,C
37,37,0,-0.6467183934478408,8.05,male,3,0,0,S
38,38,0,-0.8699484865333883,18.0,female,3,2,0,S
39,39,1,-1.1675886106474516,11.2417,female,3,1,0,C
40,40,0,0.7670721960939603,9.475,female,3,1,0,S
41,41,0,-0.20025820727674565,21.0,female,2,1,0,S
42,42,0,-0.14917221538851916,7.8958,male,3,0,0,C
43,43,1,-1.9860989519611258,41.5792,female,2,1,2,C
44,44,1,-0.7955384555048725,7.8792,female,3,0,0,Q
45,45,0,0.06348112587839855,8.05,male,3,0,0,S
46,46,0,0.3022575356024978,15.5,male,3,1,0,Q
47,47,1,0.3936453374693172,7.75,female,3,0,0,Q
48,48,0,-0.435269888608475,21.6792,male,3,2,0,C
49,49,0,-0.8699484865333883,17.8,female,3,1,0,S
50,50,0,-1.6884588278470625,39.6875,male,3,4,1,S
51,51,0,-0.6467183934478408,7.8,male,3,0,0,S
52,52,1,1.436762475350603,76.7292,female,1,1,0,C
53,53,1,-0.05143814521971396,26.0,female,2,1,0,S
54,54,0,2.6273229718068563,61.9792,male,1,0,1,C
55,55,1,1.0120199787912028,35.5,male,1,0,0,S
56,56,1,-0.6467183934478408,10.5,female,2,0,0,S
57,57,0,-0.08864316073397188,7.2292,male,3,0,0,C
58,58,1,-1.8372788899040942,27.75,female,2,1,2,S
59,59,0,-1.390818703732999,46.9,male,3,5,2,S
60,60,0,-0.5723083624193249,7.2292,male,3,0,0,C
61,61,1,0.6182521340369286,80.0,female,1,0,0,S
62,62,0,1.1391223512365396,83.475,male,1,1,0,S
63,63,0,-1.91168892093261,27.9,male,3,3,2,S
64,64,0,0.826771589473081,27.7208,male,1,0,0,C
65,65,1,-0.8434089087998841,15.2458,male,3,1,1,C
66,66,1,-0.05143814521971396,10.5,female,2,0,0,S
67,67,0,-0.7955384555048725,8.1583,male,3,0,0,S
68,68,1,-0.9443585175619041,7.925,female,3,4,2,S
69,69,0,-0.2746682383052615,8.6625,male,3,2,0,S
70,70,0,0.17179194786583357,10.5,male,2,0,0,S
71,71,0,-1.0187685485904199,46.9,female,3,5,2,S
72,72,0,-0.6467183934478408,73.5,male,2,0,0,S
73,73,0,-0.2746682383052615,14.4542,male,3,1,0,C
74,74,1,0.17179194786583357,56.4958,male,3,0,0,S
75,75,0,-0.34907826933377734,7.65,male,3,0,0,S
76,76,0,-0.14917221538851916,7.8958,male,3,0,0,S
77,77,0,0.06348112587839855,8.05,male,3,0,0,S
78,79,1,0.02297188580880188,12.475,female,3,0,0,S
79,80,0,-0.5723083624193249,9.0,male,3,0,0,S
80,81,1,-0.05143814521971396,9.5,male,3,0,0,S
81,82,1,-0.4902172941979658,7.7875,female,3,0,0,Q
82,83,0,-0.1258481762482298,47.1,male,1,0,0,S
83,84,1,-0.9443585175619041,10.5,female,2,0,0,S
84,85,1,0.24620197889434942,15.85,female,3,3,0,S
85,86,0,-1.0187685485904199,34.375,male,3,1,3,S
86,87,0,0.06348112587839855,8.05,male,3,0,0,S
87,88,1,-0.497898331390809,263.0,female,1,3,2,S
88,89,0,-0.4234883003622932,8.05,male,3,0,0,S
89,90,0,-0.05143814521971396,8.05,male,3,0,0,S
90,91,0,-0.7211284244763566,7.8542,male,3,0,0,S
91,92,0,1.2135323822650554,61.175,male,1,1,0,S
92,93,0,-0.2746682383052615,20.575,male,3,1,2,S
93,94,0,2.180862785635761,7.25,male,3,0,0,S
94,95,0,0.06348112587839855,8.05,male,3,0,0,S
95,96,0,3.0737831579779513,34.6542,male,1,0,0,C
96,97,1,-0.497898331390809,63.3583,male,1,0,1,C
97,98,1,0.32061200992286526,23.0,female,2,0,1,S
98,99,0,0.32061200992286526,26.0,male,2,1,0,S
99,100,0,-0.1258481762482298,7.8958,female,3,0,0,S
100,101,0,-0.14917221538851916,7.8958,male,3,0,0,S
101,102,0,-0.6467183934478408,77.2875,male,1,0,1,S
102,103,0,0.24620197889434942,8.6542,male,3,0,0,S
103,104,0,0.5438421030084127,7.925,male,3,2,0,S
104,105,0,-0.1258481762482298,7.8958,male,3,0,0,S
105,106,1,-0.6467183934478408,7.65,female,3,0,0,S
106,107,1,-0.12970603124188612,7.775,male,3,0,0,S
107,108,0,0.6182521340369286,7.8958,male,3,0,0,S
108,109,1,0.22000964797231207,24.15,female,3,1,0,Q
109,110,0,1.2879424132935713,52.0,male,1,0,0,S
110,111,0,-1.1303835951331938,14.4542,female,3,1,0,C
111,112,0,-0.5723083624193249,8.05,male,3,0,0,S
112,113,0,-0.7211284244763566,9.825,female,3,1,0,S
113,114,0,-0.9443585175619041,14.4583,female,3,0,0,C
114,115,0,-0.6467183934478408,7.925,male,3,0,0,S
115,116,0,3.0365781424636937,7.75,male,3,0,0,Q
116,117,0,-0.05143814521971396,21.0,male,2,1,0,S
117,118,0,-0.4234883003622932,247.5208,male,1,0,1,C
118,119,0,-2.0605089829896417,31.275,female,3,4,2,S
119,120,0,-0.6467183934478408,73.5,male,2,2,0,S
120,121,0,0.06348112587839855,8.05,male,3,0,0,S
121,122,0,0.2089969633800915,30.0708,male,2,1,0,C
122,123,1,0.2089969633800915,13.0,female,2,0,0,S
123,124,0,1.8088126304931822,77.2875,male,1,0,1,S
124,125,1,-1.3164086727044833,11.2417,male,3,1,0,C
125,126,0,0.3936453374693172,7.75,male,3,0,0,Q
126,127,1,-0.4234883003622932,7.1417,male,3,0,0,S
127,128,1,-0.2663219131582296,22.3583,female,3,1,1,C
128,129,0,1.1391223512365396,6.975,male,3,0,0,S
129,130,0,0.24620197889434942,7.8958,male,3,0,0,C
130,131,0,-0.7211284244763566,7.05,male,3,0,0,S
131,132,0,1.2879424132935713,14.5,female,3,1,0,S
132,133,1,-0.05143814521971396,26.0,female,2,1,0,S
133,134,0,-0.34907826933377734,13.0,male,2,0,0,S
134,135,0,-0.497898331390809,15.0458,male,2,0,0,C
135,136,1,-0.7955384555048725,26.2833,female,1,0,2,S
136,137,0,0.5438421030084127,53.1,male,1,1,0,S
137,138,0,-1.0187685485904199,9.2167,male,3,0,0,S
138,139,0,-0.4234883003622932,79.2,male,1,0,0,C
139,140,0,-0.305176351026953,15.2458,female,3,0,2,C
140,141,1,-0.5723083624193249,7.75,female,3,0,0,S
141,142,1,-0.4234883003622932,15.85,female,3,1,0,S
142,143,0,-0.7955384555048725,6.75,male,3,0,0,Q
143,144,0,-0.8699484865333883,11.5,male,2,0,0,S
144,145,0,-0.7955384555048725,36.75,male,2,1,1,S
145,146,1,-0.20025820727674565,7.7958,male,3,0,0,S
146,147,0,-1.5396387657900308,34.375,female,3,2,2,S
147,148,0,0.5066370874941548,26.0,male,2,0,2,S
148,149,0,0.915892258150992,13.0,male,2,0,0,S
149,150,0,1.5855825374076347,12.525,male,2,0,0,S
150,151,1,-0.5723083624193249,66.6,female,1,1,0,S
151,153,0,0.8042772116082182,14.5,male,3,0,2,S
152,154,0,-0.04075490926286199,7.3125,male,3,0,0,S
153,155,0,1.5855825374076347,61.3792,male,1,0,1,C
154,156,1,-1.0187685485904199,7.7333,female,3,0,0,Q
155,157,0,0.02297188580880188,8.05,male,3,0,0,S
156,158,0,-0.3165478741834968,8.6625,male,3,0,0,S
157,159,0,-1.3526283727068609,69.55,male,3,8,2,S
158,160,0,1.0647123202080238,16.1,male,3,0,1,S
159,161,1,0.7670721960939603,15.75,female,2,0,0,S
160,162,0,-0.2746682383052615,7.775,male,3,0,0,S
161,163,0,-0.9443585175619041,8.6625,male,3,0,0,S
162,164,0,-2.1349190140181578,39.6875,male,3,4,1,S
163,165,1,-1.5396387657900308,20.525,male,3,0,2,S
164,166,1,-0.33469233000159776,55.0,female,1,0,1,S
165,167,0,1.1391223512365396,27.9,female,3,1,4,S
166,168,0,1.457026807134037,25.925,male,1,0,0,S
167,169,0,-0.1258481762482298,56.4958,male,3,0,0,S
168,170,0,2.329682847692793,33.5,male,1,0,0,S
169,171,0,-1.91168892093261,29.125,male,3,4,1,Q
170,172,1,-2.1349190140181578,11.1333,female,3,1,1,S
171,173,0,-0.6467183934478408,7.925,male,3,0,0,S
172,174,0,1.9576326925502139,30.6958,male,1,0,0,C
173,175,0,-0.8699484865333883,7.8542,male,3,1,1,S
174,176,0,-1.5720644132002108,25.4667,male,3,3,1,S
175,177,0,1.5111725063791188,28.7125,female,1,0,0,C
176,178,0,0.02297188580880188,13.0,male,2,0,0,S
177,179,0,0.46943207197989695,0.0,male,3,0,0,S
178,180,0,-1.3526283727068609,69.55,female,3,8,2,S
179,181,0,0.24471377827377885,15.05,male,2,0,0,C
180,182,0,-1.5396387657900308,31.3875,male,3,4,2,S
181,184,1,-1.91168892093261,22.025,female,3,0,2,S
182,185,0,1.1942477825568312,50.0,male,1,0,0,S
183,186,1,0.3022575356024978,15.5,female,3,1,0,Q
184,187,1,1.1391223512365396,26.55,male,1,0,0,S
185,188,0,0.7670721960939603,15.5,male,3,1,1,Q
186,189,0,0.46943207197989695,7.8958,male,3,0,0,S
187,190,1,0.17179194786583357,13.0,female,2,0,0,S
188,191,0,-0.7955384555048725,13.0,male,2,0,0,S
189,192,1,-0.7955384555048725,7.8542,female,3,1,0,S
190,193,1,-1.9860989519611258,26.0,male,2,1,1,S
191,194,1,1.0647123202080238,27.7208,female,1,0,0,C
192,195,1,2.1064527546072456,146.5208,female,1,0,0,C
193,196,0,0.3936453374693172,7.75,male,3,0,0,Q
194,197,0,0.915892258150992,8.4042,male,3,0,1,S
195,198,1,0.3936453374693172,7.75,female,3,0,0,Q
196,199,0,-0.4234883003622932,13.0,female,2,0,0,S
197,200,0,-0.1258481762482298,9.5,male,3,0,0,S
198,201,0,-1.3526283727068609,69.55,male,3,8,2,S
199,202,0,0.32061200992286526,6.4958,male,3,0,0,S
200,203,0,1.1763273667507974,7.225,male,3,0,0,C
201,204,1,-0.8699484865333883,8.05,male,3,0,0,S
202,205,0,-2.0605089829896417,10.4625,female,3,0,1,S
203,206,0,0.17179194786583357,15.85,male,3,1,0,S
204,207,1,-0.2746682383052615,18.7875,male,3,0,0,C
205,208,1,-1.0187685485904199,7.75,female,3,0,0,Q
206,209,1,0.7670721960939603,31.0,male,1,0,0,C
207,210,0,-0.4234883003622932,7.05,male,3,0,0,S
208,211,1,0.3950220409513811,21.0,female,2,0,0,S
209,212,0,-0.5723083624193249,7.25,male,3,0,0,S
210,213,0,0.02297188580880188,13.0,male,2,0,0,S
211,214,0,0.08103569803332093,7.75,male,3,1,0,Q
212,215,1,0.09738191683731773,113.275,female,1,1,0,C
213,216,1,-0.20025820727674565,7.925,female,3,0,0,S
214,217,0,0.915892258150992,27.0,male,2,1,0,S
215,218,1,0.17179194786583357,76.2917,female,1,0,0,C
216,219,0,0.02297188580880188,10.5,male,2,0,0,S
217,220,1,-1.0187685485904199,8.05,male,3,0,0,S
218,221,0,-0.20025820727674565,13.0,male,2,0,0,S
219,223,0,-0.14917221538851916,7.8958,male,3,0,0,S
220,224,1,0.6182521340369286,90.0,male,1,1,0,S
221,225,0,-0.5723083624193249,9.35,male,3,0,0,S
222,226,1,-0.7955384555048725,10.5,male,2,0,0,S
223,227,0,-0.6839234089620987,7.25,male,3,0,0,S
224,228,0,-0.8699484865333883,13.0,male,2,0,0,S
225,229,0,-1.5720644132002108,25.4667,female,3,3,1,S
226,230,1,0.3950220409513811,83.475,female,1,1,0,S
227,231,0,-0.05143814521971396,7.775,male,3,0,0,S
228,232,0,2.180862785635761,13.5,male,2,0,0,S
229,233,1,-1.8372788899040942,31.3875,female,3,4,2,S
230,234,0,-0.4234883003622932,10.5,male,2,0,0,S
231,235,0,0.10526229345671906,7.55,female,3,0,0,S
232,236,0,1.0647123202080238,26.0,male,2,1,0,S
233,237,1,-1.6140487968185466,26.25,female,2,0,2,S
234,238,0,-0.7955384555048725,10.5,male,2,0,0,S
235,239,0,0.24620197889434942,12.275,male,2,0,0,S
236,240,0,-0.5771381321897189,14.4542,female,3,1,0,C
237,241,1,0.3022575356024978,15.5,female,3,1,0,Q
238,242,0,-0.05143814521971396,10.5,male,2,0,0,S
239,243,0,-0.5723083624193249,7.125,male,3,0,0,S
240,244,0,0.02297188580880188,7.225,male,3,0,0,C
241,245,0,1.0647123202080238,90.0,male,1,2,0,Q
242,246,0,-0.34907826933377734,7.775,female,3,0,0,S
243,247,1,-0.4234883003622932,14.5,female,2,0,2,S
244,248,1,0.5438421030084127,52.5542,male,1,1,1,S
245,249,0,1.8088126304931822,26.0,male,2,1,0,S
246,250,0,-0.04075490926286199,7.25,male,3,0,0,S
247,251,0,-0.05143814521971396,10.4625,female,3,1,1,S
248,252,0,2.404092878721309,26.55,male,1,0,0,S
249,253,0,0.02297188580880188,16.1,male,3,1,0,S
250,254,0,0.8414822271224761,20.2125,female,3,0,2,S
251,255,1,-0.05143814521971396,15.2458,female,3,0,2,C
252,256,1,0.36267493746284146,79.2,female,1,0,0,C
253,257,1,0.02297188580880188,86.5,female,1,0,0,S
254,259,1,1.5111725063791188,26.0,female,2,0,1,S
255,260,0,0.3936453374693172,7.75,male,3,0,0,Q
256,261,1,-1.9860989519611258,31.3875,male,3,4,2,S
257,262,0,1.6599925684361505,79.65,male,1,1,1,S
258,263,0,0.7670721960939603,0.0,male,1,0,0,S
259,264,0,0.3936453374693172,7.75,female,3,0,0,Q
260,265,0,0.46943207197989695,10.5,male,2,0,0,S
261,266,0,-1.0187685485904199,39.6875,male,3,4,1,S
262,267,1,-0.34907826933377734,7.775,male,3,1,0,S
263,268,1,2.1064527546072456,153.4625,female,1,0,1,S
264,269,1,0.3950220409513811,135.6333,female,1,0,0,S
265,270,0,0.688631621718067,31.0,male,1,0,0,S
266,271,1,-0.34907826933377734,0.0,male,3,0,0,S
267,272,1,0.8414822271224761,19.5,female,2,0,1,S
268,273,0,0.5438421030084127,29.7,male,1,0,1,C
269,274,1,0.3936453374693172,7.75,female,3,0,0,Q
270,275,1,2.4785029097498246,77.9583,female,1,1,0,S
271,276,0,1.1391223512365396,7.75,female,3,0,0,S
272,277,0,0.4194341928148725,0.0,male,2,0,0,S
273,278,0,-1.6884588278470625,29.125,male,3,4,1,Q
274,279,1,0.3950220409513811,20.25,female,3,1,1,S
275,280,0,2.6273229718068563,7.75,male,3,0,0,Q
276,281,0,-0.1258481762482298,7.8542,male,3,0,0,S
277,282,0,-1.0187685485904199,9.5,male,3,0,0,S
278,283,1,-0.7955384555048725,8.05,male,3,0,0,S
279,284,0,2.1264566512820786,26.0,male,1,0,0,S
280,285,0,0.24620197889434942,8.6625,male,3,0,0,C
281,286,1,0.02297188580880188,9.5,male,3,0,0,S
282,287,0,-0.5723083624193249,7.8958,male,3,0,0,S
283,288,1,0.915892258150992,13.0,male,2,0,0,S
284,289,1,-0.5723083624193249,7.75,female,3,0,0,Q
285,290,1,-0.2746682383052615,78.85,female,1,0,0,S
286,291,1,-0.7955384555048725,91.0792,female,1,1,0,C
287,292,0,0.46943207197989695,12.875,male,2,0,0,C
288,293,0,-0.4234883003622932,8.85,female,3,0,0,S
289,294,0,-0.4234883003622932,7.8958,male,3,0,0,S
290,295,0,0.826771589473081,27.7208,male,1,0,0,C
291,296,0,-0.4606933158765511,7.2292,male,3,0,0,C
292,297,0,-2.0605089829896417,151.55,female,1,1,2,S
293,298,1,0.9088763746951094,30.5,male,1,0,0,S
294,299,1,1.5111725063791188,247.5208,female,1,0,1,C
295,300,1,0.3936453374693172,7.75,female,3,0,0,Q
296,301,1,-0.4568487976067448,23.25,male,3,2,0,Q
297,302,0,-0.7955384555048725,0.0,male,3,0,0,S
298,303,1,0.9301630391018175,12.35,female,2,0,0,Q
299,304,0,0.06348112587839855,8.05,male,3,0,0,S
300,305,1,-2.1408718165004386,151.55,male,1,1,2,S
301,306,1,-0.1202656522536854,110.8833,female,1,0,0,C
302,307,1,-0.9443585175619041,108.9,female,1,1,0,C
303,308,0,0.02297188580880188,24.0,male,2,1,0,C
304,309,1,0.02297188580880188,56.9292,female,1,0,0,C
305,310,1,-0.4234883003622932,83.1583,female,1,0,0,C
306,311,1,-0.8699484865333883,262.375,female,1,2,2,C
307,312,0,-0.2746682383052615,26.0,female,2,1,1,S
308,313,0,-0.1258481762482298,7.8958,male,3,0,0,S
309,314,0,0.9903022891795078,26.25,male,2,1,1,S
310,315,1,-0.2746682383052615,7.8542,female,3,0,0,S
311,316,1,-0.4234883003622932,26.0,female,2,1,0,S
312,317,0,1.8088126304931822,14.0,male,2,0,0,S
313,318,1,0.09738191683731773,164.8667,female,1,0,2,S
314,319,1,0.7670721960939603,134.5,female,1,1,1,C
315,320,0,-0.5723083624193249,7.25,male,3,0,0,S
316,321,0,-0.20025820727674565,7.8958,male,3,0,0,S
317,322,1,0.02297188580880188,12.35,female,2,0,0,Q
318,323,1,-0.5723083624193249,29.0,female,2,1,1,S
319,324,0,-1.3526283727068609,69.55,male,3,8,2,S
320,325,1,0.46943207197989695,135.6333,female,1,0,0,C
321,326,0,2.329682847692793,6.2375,male,3,0,0,S
322,327,1,0.46943207197989695,13.0,female,2,0,0,S
323,328,1,0.09738191683731773,20.525,female,3,1,1,S
324,329,1,-1.0187685485904199,57.9792,female,1,0,1,C
325,330,1,-0.4568487976067448,23.25,female,3,2,0,Q
326,331,0,1.1763273667507974,28.5,male,1,0,0,S
327,332,0,0.6182521340369286,153.4625,male,1,0,1,S
328,333,0,-1.0187685485904199,18.0,male,3,2,0,S
329,334,1,0.07419079050009743,133.65,female,1,1,0,S
330,335,0,-0.14917221538851916,7.8958,male,3,0,0,S
331,336,0,-0.05143814521971396,66.6,male,1,1,0,S
332,337,1,0.8414822271224761,134.5,female,1,0,0,C
333,338,1,1.1391223512365396,8.05,male,3,0,0,S
334,339,0,1.1391223512365396,35.5,male,1,0,0,S
335,340,1,-2.0605089829896417,26.0,male,2,1,1,S
336,341,1,-0.4234883003622932,263.0,female,1,3,2,S
337,342,0,-0.1258481762482298,13.0,male,2,0,0,S
338,343,0,-0.34907826933377734,13.0,male,2,0,0,S
339,344,0,0.46943207197989695,13.0,male,2,0,0,S
340,345,1,-0.4234883003622932,13.0,female,2,0,0,S
341,346,1,0.7670721960939603,13.0,female,2,0,0,S
342,347,1,-0.19046265819206368,16.1,female,3,1,0,S
343,348,1,-1.9860989519611258,15.9,male,3,1,1,S
344,349,0,0.915892258150992,8.6625,male,3,0,0,S
345,350,0,-0.497898331390809,9.225,male,3,0,0,S
346,351,0,2.151236963281978,35.0,male,1,0,0,S
347,352,0,-1.0931785796189357,7.2292,male,3,1,1,C
348,353,0,-0.34907826933377734,17.8,male,3,1,0,S
349,354,0,-0.027429555435555135,7.225,male,3,0,0,C
350,355,0,-0.1258481762482298,9.5,male,3,0,0,S
351,356,1,-0.5723083624193249,55.0,female,1,0,1,S
352,357,0,0.6182521340369286,13.0,female,2,0,0,S
353,358,1,-0.5351861236142255,7.8792,female,3,0,0,Q
354,359,1,-0.5351861236142255,7.8792,female,3,0,0,Q
355,360,0,0.7670721960939603,27.9,male,3,1,4,S
356,361,0,-0.05143814521971396,27.7208,male,2,1,0,C
357,362,0,1.1391223512365396,14.4542,female,3,0,1,C
358,363,0,0.3950220409513811,7.05,male,3,0,0,S
359,364,0,0.3022575356024978,15.5,male,3,1,0,Q
360,365,0,0.02297188580880188,7.25,male,3,0,0,S
361,366,1,2.2552728166642773,75.25,female,1,1,0,C
362,367,1,-0.5071588503407715,7.2292,female,3,0,0,C
363,368,1,0.3936453374693172,7.75,female,3,0,0,Q
364,369,1,-0.4234883003622932,69.3,female,1,0,0,C
365,370,1,-0.34907826933377734,55.4417,male,1,1,0,C
366,371,0,-0.8699484865333883,6.4958,male,3,1,0,S
367,372,0,-0.7955384555048725,8.05,male,3,0,0,S
368,373,0,-0.5723083624193249,135.6333,male,1,0,0,C
369,374,0,-1.9860989519611258,21.075,female,3,3,1,S
370,375,1,0.2552551993361519,82.1708,female,1,1,0,C
371,376,1,-0.5723083624193249,7.25,female,3,0,0,S
372,377,0,-0.20025820727674565,211.5,male,1,0,2,C
373,378,0,-0.7211284244763566,4.0125,male,3,0,0,C
374,379,0,-0.7955384555048725,7.775,male,3,0,0,S
375,380,1,0.915892258150992,227.525,female,1,0,0,C
376,381,1,-2.1349190140181578,15.7417,female,3,0,2,C
377,382,0,0.17179194786583357,7.925,male,3,0,0,S
378,383,1,0.3950220409513811,52.0,female,1,1,0,S
379,384,0,-0.14917221538851916,7.8958,male,3,0,0,S
380,385,0,-0.8699484865333883,73.5,male,2,0,0,S
381,386,0,-2.1349190140181578,46.9,male,3,5,2,S
382,387,1,0.46943207197989695,13.0,female,2,0,0,S
383,388,0,-0.7123760922155782,7.7292,male,3,0,0,Q
384,389,1,-0.9443585175619041,12.0,female,2,0,0,C
385,390,1,0.46943207197989695,120.0,male,1,1,2,S
386,391,1,-0.6467183934478408,7.7958,male,3,0,0,S
387,392,0,-0.1258481762482298,7.925,male,3,2,0,S
388,393,1,-0.497898331390809,113.275,female,1,1,0,C
389,394,1,-0.4234883003622932,16.7,female,3,0,2,S
390,395,0,-0.5723083624193249,7.7958,male,3,0,0,S
391,396,0,0.09738191683731773,7.8542,female,3,0,0,S
392,397,0,1.2135323822650554,26.0,male,2,0,0,S
393,398,0,-0.497898331390809,10.5,male,2,0,0,S
394,399,1,-0.1258481762482298,12.65,female,2,0,0,S
395,400,1,0.6926621650654444,7.925,male,3,0,0,S
396,401,0,-0.2746682383052615,8.05,male,3,0,0,S
397,402,0,-0.6467183934478408,9.825,female,3,1,0,S
398,403,0,-0.1258481762482298,15.85,male,3,1,0,S
399,404,0,-0.7211284244763566,8.6625,female,3,0,0,S
400,405,0,0.32061200992286526,21.0,male,2,1,0,S
401,407,1,-1.9860989519611258,18.75,male,2,1,1,S
402,408,0,-0.6467183934478408,7.775,male,3,0,0,S
403,409,0,-1.5720644132002108,25.4667,female,3,3,1,S
404,410,0,-0.14917221538851916,7.8958,male,3,0,0,S
405,411,0,-0.7715040154826618,6.8583,male,3,0,0,Q
406,412,1,0.24620197889434942,90.0,female,1,1,0,Q
407,413,0,0.4194341928148725,0.0,male,2,0,0,S
408,414,1,1.0647123202080238,7.925,male,3,0,0,S
409,415,0,0.06348112587839855,8.05,female,3,0,0,S
410,416,1,0.32061200992286526,32.5,female,2,1,1,S
411,417,1,-0.8699484865333883,13.0,female,2,0,2,S
412,418,0,0.02297188580880188,13.0,male,2,0,0,S
413,419,0,-1.465228734761515,24.15,female,3,0,2,S
414,420,0,-0.14917221538851916,7.8958,male,3,0,0,C
415,421,0,-0.6467183934478408,7.7333,male,3,0,0,Q
416,422,0,-0.05143814521971396,7.875,male,3,0,0,S
417,423,0,-0.1258481762482298,14.4,female,3,1,1,S
418,424,0,-0.8699484865333883,20.2125,male,3,1,1,S
419,425,0,-0.04075490926286199,7.25,male,3,0,0,S
420,426,1,-0.1258481762482298,26.0,female,2,1,0,S
421,427,1,-0.7955384555048725,26.0,female,2,0,0,S
422,428,0,0.3936453374693172,7.75,male,3,0,0,Q
423,429,1,0.17179194786583357,8.05,male,3,0,0,S
424,430,1,-0.1258481762482298,26.55,male,1,0,0,S
425,431,1,-0.19046265819206368,16.1,female,3,1,0,S
426,432,1,0.915892258150992,26.0,female,2,1,0,S
427,433,0,-0.9443585175619041,7.125,male,3,0,0,S
428,434,0,1.5111725063791188,55.9,male,1,1,0,S
429,435,1,-1.1675886106474516,120.0,female,1,1,2,S
430,436,0,-0.6467183934478408,34.375,female,3,2,2,S
431,437,1,-0.4234883003622932,18.75,female,2,2,3,S
432,438,0,2.5529129407783406,263.0,male,1,1,4,S
433,439,0,0.09738191683731773,10.5,male,2,0,0,S
434,440,1,1.1391223512365396,26.25,female,2,1,1,S
435,441,0,-0.7211284244763566,9.5,male,3,0,0,S
436,442,0,-0.34907826933377734,7.775,male,3,1,0,S
437,443,1,-0.1258481762482298,13.0,female,2,0,0,S
438,444,1,-0.46134889053840133,8.1125,male,3,0,0,S
439,445,1,-1.91168892093261,81.8583,male,1,0,2,S
440,446,1,-1.2419986416759674,19.5,female,2,0,1,S
441,447,1,0.32061200992286526,26.55,male,1,0,0,S
442,448,1,-1.8372788899040942,19.2583,female,3,2,1,C
443,449,1,1.6599925684361505,30.5,male,1,0,0,S
444,450,0,0.46943207197989695,27.75,male,2,1,2,S
445,451,0,-0.4090403526709235,19.9667,male,3,1,0,S
446,452,0,0.02297188580880188,27.75,male,1,0,0,C
447,453,1,1.436762475350603,89.1042,male,1,1,0,C
448,454,0,0.06348112587839855,8.05,male,3,0,0,S
449,455,1,-0.05143814521971396,7.8958,male,3,0,0,C
450,456,0,2.6273229718068563,26.55,male,1,0,0,S
451,457,1,1.0913478632593216,51.8625,female,1,1,0,S
452,458,1,1.5111725063791188,10.5,female,2,0,0,S
453,459,0,0.3936453374693172,7.75,male,3,0,0,Q
454,460,1,1.3623524443220871,26.55,male,1,0,0,S
455,461,0,0.32061200992286526,8.05,male,3,0,0,S
456,462,0,1.2879424132935713,38.5,male,1,0,0,S
457,463,0,1.3623524443220871,13.0,male,2,0,0,S
458,464,0,0.06348112587839855,8.05,male,3,0,0,S
459,465,0,0.6182521340369286,7.05,male,3,0,0,S
460,466,0,0.4194341928148725,0.0,male,2,0,0,S
461,467,0,1.9576326925502139,26.55,male,1,0,0,S
462,468,0,-0.7123760922155782,7.725,male,3,0,0,Q
463,469,1,-2.1535215217752866,19.2583,female,3,2,1,C
464,470,0,-0.04075490926286199,7.25,male,3,0,0,S
465,471,0,0.6182521340369286,8.6625,male,3,0,0,S
466,472,1,0.24620197889434942,27.75,female,2,1,2,S
467,473,1,-0.497898331390809,13.7917,female,2,0,0,C
468,474,0,-0.5723083624193249,9.8375,female,3,0,0,S
469,475,0,1.1459698457585683,52.0,male,1,0,0,S
470,476,0,0.32061200992286526,21.0,male,2,1,0,S
471,477,0,-0.05143814521971396,7.0458,male,3,1,0,S
472,478,0,-0.5723083624193249,7.5208,male,3,0,0,S
473,479,1,-2.0605089829896417,12.2875,female,3,0,1,S
474,480,0,-1.5396387657900308,46.9,male,3,5,2,S
475,481,0,0.4194341928148725,0.0,male,2,0,0,S
476,482,0,1.5111725063791188,8.05,male,3,0,0,S
477,483,1,2.4785029097498246,9.5875,female,3,0,0,S
478,484,1,-0.34907826933377734,91.0792,male,1,1,0,C
479,485,0,-1.5720644132002108,25.4667,female,3,3,1,S
480,486,1,0.3950220409513811,90.0,female,1,1,0,S
481,487,0,2.1064527546072456,29.7,male,1,0,0,C
482,488,0,0.02297188580880188,8.05,male,3,0,0,S
483,489,1,-1.5396387657900308,15.9,male,3,1,1,S
484,490,0,-0.4090403526709235,19.9667,male,3,1,0,S
485,491,0,-0.6467183934478408,7.25,male,3,0,0,S
486,492,0,1.883222661521698,30.5,male,1,0,0,S
487,493,0,3.0737831579779513,49.5042,male,1,0,0,C
488,494,0,-0.6467183934478408,8.05,male,3,0,0,S
489,495,0,-0.864082052837122,14.4583,male,3,0,0,C
490,496,1,1.8088126304931822,78.2667,female,1,1,0,C
491,497,0,-0.36147994117186366,15.1,male,3,0,0,S
492,498,0,-0.34907826933377734,151.55,female,1,1,2,S
493,499,0,-0.4234883003622932,7.7958,male,3,0,0,S
494,500,0,-0.9443585175619041,8.6625,male,3,0,0,S
495,501,0,-0.6467183934478408,7.75,female,3,0,0,Q
496,502,0,-0.27499215816255573,7.6292,female,3,0,0,Q
497,503,0,0.5438421030084127,9.5875,female,3,0,0,S
498,504,1,-1.0187685485904199,86.5,female,1,0,0,S
499,505,0,-0.8699484865333883,108.9,male,1,1,0,C
500,506,1,0.24620197889434942,26.0,female,2,0,2,S
501,507,1,1.4991825339903373,26.55,male,1,0,0,S
502,508,0,-0.1258481762482298,22.525,male,3,0,0,S
503,509,1,-0.2746682383052615,56.4958,male,3,0,0,S
504,510,1,-0.05143814521971396,7.75,male,3,0,0,Q
505,511,0,0.06348112587839855,8.05,male,3,0,0,S
506,512,1,0.46943207197989695,26.2875,male,1,0,0,S
507,513,1,1.8088126304931822,59.4,female,1,1,0,C
508,514,0,-0.4234883003622932,7.4958,male,3,0,0,S
509,515,0,1.2879424132935713,34.0208,male,1,0,0,S
510,516,1,0.32061200992286526,10.5,female,2,0,0,S
511,517,0,0.25312211178000166,24.15,male,3,0,0,Q
512,518,1,0.46943207197989695,26.0,female,2,1,0,S
513,519,0,0.17179194786583357,7.8958,male,3,0,0,S
514,520,1,0.02297188580880188,93.5,female,1,0,0,S
515,521,0,-0.5723083624193249,7.8958,male,3,0,0,S
516,522,0,-0.027429555435555135,7.225,male,3,0,0,C
517,523,1,1.0647123202080238,57.9792,female,1,0,1,C
518,524,0,-0.5071588503407715,7.2292,male,3,0,0,C
519,525,0,0.8042772116082182,7.75,male,3,0,0,Q
520,526,1,1.5111725063791188,10.5,female,2,0,0,S
521,527,0,0.7239639847847736,221.7792,male,1,0,0,S
522,528,0,0.6926621650654444,7.925,male,3,0,0,S
523,529,0,-0.497898331390809,11.5,male,2,2,1,S
524,530,1,-2.0605089829896417,26.0,female,2,1,1,S
525,531,0,-0.5071588503407715,7.2292,male,3,0,0,C
526,532,0,-0.9443585175619041,7.2292,male,3,1,1,C
527,533,1,-1.662415316987082,22.3583,female,3,0,2,C
528,534,0,0.02297188580880188,8.6625,female,3,0,0,S
529,535,1,-1.6884588278470625,26.25,female,2,0,2,S
530,536,0,1.1391223512365396,26.55,male,1,0,0,S
531,537,1,0.02297188580880188,106.425,female,1,0,0,C
532,538,0,-0.5520626331436497,14.5,male,3,0,0,S
533,539,1,-0.5723083624193249,49.5,female,1,0,2,C
534,540,1,0.46943207197989695,71.0,female,1,0,2,S
535,541,0,-1.5396387657900308,31.275,female,3,4,2,S
536,542,0,-1.390818703732999,31.275,female,3,4,2,S
537,543,1,0.17179194786583357,26.0,male,2,1,0,S
538,544,0,1.5111725063791188,106.425,male,1,1,0,C
539,545,0,2.5529129407783406,26.0,male,1,0,0,S
540,546,1,-0.7955384555048725,26.0,female,2,1,0,S
541,547,1,0.20776742620071542,13.8625,male,2,0,0,C
542,548,0,0.24620197889434942,20.525,male,3,1,1,S
543,549,1,-1.6140487968185466,36.75,male,2,1,1,S
544,550,1,-0.9443585175619041,110.8833,male,1,0,2,C
545,551,0,-0.20025820727674565,26.0,male,2,0,0,S
546,552,0,-0.24949249909233015,7.8292,male,3,0,0,Q
547,553,1,-0.5723083624193249,7.225,male,3,0,0,C
548,554,1,-0.5723083624193249,7.775,female,3,0,0,S
549,555,0,2.404092878721309,26.55,male,1,0,0,S
550,556,1,1.3623524443220871,39.6,female,1,1,0,C
551,557,0,0.7239639847847736,227.525,male,1,0,0,C
552,558,1,0.6926621650654444,79.65,female,1,1,1,S
553,559,1,0.46943207197989695,17.4,female,3,1,0,S
554,560,0,0.3936453374693172,7.75,male,3,0,0,Q
555,561,0,0.7670721960939603,7.8958,male,3,0,0,S
556,562,0,-0.1258481762482298,13.5,male,2,0,0,S
557,563,0,0.06348112587839855,8.05,male,3,0,0,S
558,564,0,0.06348112587839855,8.05,female,3,0,0,S
559,565,0,-0.4234883003622932,24.15,male,3,2,0,S
560,566,0,-0.7955384555048725,7.8958,male,3,0,0,S
561,567,0,-0.05143814521971396,21.075,female,3,0,4,S
562,568,0,-0.5071588503407715,7.2292,male,3,0,0,C
563,569,1,0.17179194786583357,7.8542,male,3,0,0,S
564,570,1,2.404092878721309,10.5,male,2,0,0,S
565,571,1,1.7344025994646664,51.4792,female,1,2,0,S
566,572,1,0.46943207197989695,26.3875,male,1,0,0,S
567,573,1,0.3936453374693172,7.75,female,3,0,0,Q
568,574,0,-1.0187685485904199,8.05,male,3,0,0,S
569,575,0,-0.7955384555048725,14.5,male,3,0,0,S
570,576,1,0.32061200992286526,13.0,female,2,0,0,S
571,577,1,0.6926621650654444,55.9,female,1,1,0,S
572,578,0,-0.658576367815619,14.4583,female,3,1,0,C
573,579,1,0.17179194786583357,7.925,male,3,0,0,S
574,580,1,-0.34907826933377734,30.0,female,2,1,1,S
575,581,1,0.6926621650654444,110.8833,female,1,1,1,C
576,582,0,1.8088126304931822,26.0,male,2,0,0,S
577,583,0,0.46943207197989695,40.125,male,1,0,0,C
578,584,0,-0.06010265811597775,8.7125,male,3,0,0,C
579,585,1,-0.8699484865333883,79.65,female,1,0,2,S
580,586,0,1.2879424132935713,15.0,male,2,0,0,S
581,587,1,2.2552728166642773,79.2,male,1,1,1,C
582,588,0,-0.5723083624193249,8.05,male,3,0,0,S
583,589,0,0.06348112587839855,8.05,male,3,0,0,S
584,590,0,0.3950220409513811,7.125,male,3,0,0,S
585,591,1,1.6599925684361505,78.2667,female,1,1,0,C
586,592,0,1.2879424132935713,7.25,male,3,0,0,S
587,593,0,-0.10577729980809308,7.75,female,3,0,2,Q
588,594,0,0.5438421030084127,26.0,male,2,1,0,S
589,595,0,0.46943207197989695,24.15,male,3,1,1,S
590,596,1,-0.38346385788175347,33.0,female,2,0,0,S
591,597,0,1.436762475350603,0.0,male,3,0,0,S
592,598,0,-0.027429555435555135,7.225,male,3,0,0,C
593,599,1,1.436762475350603,56.9292,male,1,1,0,C
594,600,1,-0.4234883003622932,27.0,female,2,2,1,S
595,601,0,-0.14917221538851916,7.8958,male,3,0,0,S
596,602,0,0.5791496627314435,42.4,male,1,0,0,S
597,603,0,1.0647123202080238,8.05,male,3,0,0,S
598,604,1,0.3950220409513811,26.55,male,1,0,0,C
599,605,0,0.46943207197989695,15.55,male,3,1,0,S
600,606,0,0.02297188580880188,7.8958,male,3,0,0,S
601,607,1,-0.20025820727674565,30.5,male,1,0,0,S
602,608,1,-0.5723083624193249,41.5792,female,2,1,2,C
603,609,1,0.7670721960939603,153.4625,female,1,0,0,S
604,610,0,0.6926621650654444,31.275,female,3,1,5,S
605,611,0,-0.18594434259583345,7.05,male,3,0,0,S
606,612,1,0.3022575356024978,15.5,female,3,1,0,Q
607,613,0,0.3936453374693172,7.75,male,3,0,0,Q
608,614,0,0.3950220409513811,8.05,male,3,0,0,S
609,615,1,-0.4234883003622932,65.0,female,2,1,2,S
610,616,0,0.32061200992286526,14.4,male,3,1,1,S
611,617,0,-0.2746682383052615,16.1,female,3,1,0,S
612,618,1,-1.91168892093261,39.0,female,2,2,1,S
613,619,0,-0.2746682383052615,10.5,male,2,0,0,S
614,620,0,-0.20025820727674565,14.4542,male,3,1,0,C
615,621,1,0.915892258150992,52.5542,male,1,1,0,S
616,622,1,-0.7211284244763566,15.7417,male,3,1,1,C
617,623,0,-0.6467183934478408,7.8542,male,3,0,0,S
618,624,0,-0.6467183934478408,16.1,male,3,0,0,S
619,625,0,2.329682847692793,32.3208,male,1,0,0,S
620,626,0,2.0320427235787295,12.35,male,2,0,0,Q
621,627,1,-0.6467183934478408,77.9583,female,1,0,0,S
622,628,0,-0.2746682383052615,7.8958,male,3,0,0,S
623,629,0,-0.7123760922155782,7.7333,male,3,0,0,Q
624,630,1,3.743473437234594,30.0,male,1,0,0,S
625,632,1,0.17179194786583357,30.5,male,1,0,0,C
626,633,0,0.6924849983249014,0.0,male,1,0,0,S
627,634,0,-1.5396387657900308,27.9,female,3,3,2,S
628,635,1,-0.1258481762482298,13.0,female,2,0,0,S
629,636,0,0.17179194786583357,7.925,male,3,0,0,S
630,637,0,0.09738191683731773,26.25,male,2,1,1,S
631,638,0,0.8414822271224761,39.6875,female,3,0,5,S
632,639,0,-0.19046265819206368,16.1,male,3,1,0,S
633,640,0,-0.7211284244763566,7.8542,male,3,0,0,S
634,641,1,-0.4234883003622932,69.3,female,1,0,0,C
635,642,0,-2.0605089829896417,27.9,female,3,3,2,S
636,643,1,-0.017327642106959994,56.4958,male,3,0,0,S
637,644,1,-2.1535215217752866,19.2583,female,3,2,1,C
638,645,1,1.3623524443220871,76.7292,male,1,1,0,C
639,646,0,-0.7955384555048725,7.8958,male,3,0,0,S
640,647,1,1.9576326925502139,35.5,male,1,0,0,C
641,648,0,0.10526229345671906,7.55,male,3,0,0,S
642,649,1,-0.497898331390809,7.55,female,3,0,0,S
643,650,0,-0.14917221538851916,7.8958,male,3,0,0,S
644,651,1,-0.8699484865333883,23.0,female,2,0,1,S
645,652,0,-0.6467183934478408,8.4333,male,3,0,0,S
646,653,1,-0.24949249909233015,7.8292,female,3,0,0,Q
647,654,0,-0.8699484865333883,6.75,female,3,0,0,Q
648,655,0,-0.4234883003622932,73.5,male,2,2,0,S
649,656,0,-0.14917221538851916,7.8958,male,3,0,0,S
650,657,0,0.17179194786583357,15.5,female,3,1,1,Q
651,658,0,-0.497898331390809,13.0,male,2,0,0,S
652,659,0,2.1064527546072456,113.275,male,1,0,2,C
653,660,1,1.5111725063791188,133.65,male,1,2,0,S
654,661,0,0.7670721960939603,7.225,male,3,0,0,C
655,662,0,1.2879424132935713,25.5875,male,1,0,0,S
656,663,0,0.46943207197989695,7.4958,male,3,0,0,S
657,664,1,-0.7211284244763566,7.925,male,3,1,0,S
658,665,0,0.17179194786583357,73.5,male,2,2,0,S
659,666,0,-0.34907826933377734,13.0,male,2,0,0,S
660,667,0,-0.12970603124188612,7.775,male,3,0,0,S
661,668,0,0.9903022891795078,8.05,male,3,0,0,S
662,669,1,0.7532215955961244,52.0,female,1,1,0,S
663,670,1,0.7670721960939603,39.0,female,2,1,1,S
664,671,0,0.09738191683731773,52.0,male,1,1,0,S
665,672,0,2.9993731269494357,10.5,male,2,0,0,S
666,673,1,0.09738191683731773,13.0,male,2,0,0,S
667,674,0,0.4194341928148725,0.0,male,2,0,0,S
668,675,0,-0.8699484865333883,7.775,male,3,0,0,S
669,676,0,-0.38628328484803526,8.05,male,3,0,0,S
670,677,1,-0.8699484865333883,9.8417,female,3,0,0,S
671,678,0,0.9903022891795078,46.9,female,3,1,6,S
672,680,0,-0.46134889053840133,8.1375,female,3,0,0,Q
673,681,1,-0.20025820727674565,76.7292,male,1,0,0,C
674,682,0,-0.7211284244763566,9.225,male,3,0,0,S
675,683,0,-1.1675886106474516,46.9,male,3,5,2,S
676,684,0,2.2552728166642773,39.0,male,2,1,1,S
677,685,0,-0.34907826933377734,41.5792,male,2,1,2,C
678,686,0,-1.1675886106474516,39.6875,male,3,4,1,S
679,687,0,-0.7955384555048725,10.1708,male,3,0,0,S
680,688,0,-0.8699484865333883,7.7958,male,3,0,0,S
681,689,1,-1.0931785796189357,211.3375,female,1,0,1,S
682,690,1,0.09738191683731773,57.0,male,1,1,0,S
683,691,1,-1.91168892093261,13.4167,female,3,0,1,C
684,692,1,-0.017327642106959994,56.4958,male,3,0,0,S
685,693,0,-0.34907826933377734,7.225,male,3,0,0,C
686,694,0,2.2552728166642773,26.55,male,1,0,0,S
687,695,0,1.6599925684361505,13.5,male,2,0,0,S
688,696,0,1.0647123202080238,8.05,male,3,0,0,S
689,697,1,-0.7123760922155782,7.7333,female,3,0,0,Q
690,698,0,1.436762475350603,110.8833,male,1,1,1,C
691,699,0,0.915892258150992,7.65,male,3,0,0,S
692,700,1,-0.8699484865333883,227.525,female,1,1,0,C
693,701,1,0.3950220409513811,26.2875,male,1,0,0,S
694,702,0,-0.8699484865333883,14.4542,female,3,0,1,C
695,703,0,-0.34907826933377734,7.7417,male,3,0,0,Q
696,704,0,-0.2746682383052615,7.8542,male,3,1,0,S
697,705,0,0.6926621650654444,26.0,male,2,0,0,S
698,706,1,1.1391223512365396,13.5,female,2,0,0,S
699,707,1,0.915892258150992,26.2875,male,1,0,0,S
700,708,1,-0.5723083624193249,151.55,female,1,0,0,S
701,709,1,-0.8434089087998841,15.2458,male,3,1,1,C
702,710,1,-0.4234883003622932,49.5042,female,1,0,0,C
703,711,0,1.4991825339903373,26.55,male,1,0,0,S
704,712,1,1.3623524443220871,52.0,male,1,1,0,S
705,713,0,-0.05143814521971396,9.4833,male,3,0,0,S
706,714,0,1.6599925684361505,13.0,male,2,0,0,S
707,715,0,-0.7955384555048725,7.65,male,3,0,0,S
708,716,1,0.6182521340369286,227.525,female,1,0,0,C
709,717,1,-0.20025820727674565,10.5,female,2,0,0,S
710,718,0,-0.18753409197086948,15.5,male,3,0,0,Q
711,719,0,0.24620197889434942,7.775,male,3,0,0,S
712,720,1,-1.7628688588755783,33.0,female,2,0,1,S
713,721,0,-0.9443585175619041,7.0542,male,3,1,0,S
714,722,0,0.32061200992286526,13.0,male,2,0,0,S
715,723,0,1.5111725063791188,13.0,male,2,0,0,S
716,724,1,-0.20025820727674565,53.1,male,1,1,0,S
717,725,0,-0.7211284244763566,8.6625,male,3,0,0,S
718,726,1,0.02297188580880188,21.0,female,2,3,0,S
719,727,1,-0.7123760922155782,7.7375,female,3,0,0,Q
720,728,0,-0.34907826933377734,26.0,male,2,1,0,S
721,729,0,-0.34907826933377734,7.925,female,3,1,0,S
722,730,1,-0.05143814521971396,211.3375,female,1,0,0,S
723,731,0,-1.390818703732999,18.7875,male,3,0,0,C
724,732,0,0.4194341928148725,0.0,male,2,0,0,S
725,733,0,-0.497898331390809,13.0,male,2,0,0,S
726,734,0,-0.497898331390809,13.0,male,2,0,0,S
727,735,0,-0.08864316073397188,16.1,male,3,0,0,S
728,736,0,1.3623524443220871,34.375,female,3,1,3,S
729,738,0,-0.14917221538851916,7.8958,male,3,0,0,S
730,739,0,-0.14917221538851916,7.8958,male,3,0,0,S
731,740,1,0.616127018984102,30.0,male,1,0,0,S
732,741,0,0.46943207197989695,78.85,male,1,1,0,S
733,742,1,-0.6467183934478408,262.375,female,1,2,2,C
734,743,0,-0.4234883003622932,16.1,male,3,1,0,S
735,744,1,0.09738191683731773,7.925,male,3,0,0,S
736,745,0,2.9993731269494357,71.0,male,1,1,1,S
737,746,0,-1.0187685485904199,20.25,male,3,1,1,S
738,747,1,0.02297188580880188,13.0,female,2,0,0,S
739,748,0,-0.7955384555048725,53.1,male,1,1,0,S
740,749,0,0.09738191683731773,7.75,male,3,0,0,Q
741,750,1,-1.91168892093261,23.0,female,2,1,1,S
742,751,1,-1.7628688588755783,12.475,male,3,0,1,S
743,752,0,0.24620197889434942,9.5,male,3,0,0,S
744,753,0,-0.497898331390809,7.8958,male,3,0,0,S
745,754,1,1.3623524443220871,65.0,female,2,1,2,S
746,756,0,-0.1258481762482298,7.7958,male,3,0,0,S
747,757,0,-0.8699484865333883,11.5,male,2,0,0,S
748,758,0,0.32061200992286526,8.05,male,3,0,0,S
749,759,1,0.24620197889434942,86.5,female,1,0,0,S
750,760,0,-0.5520626331436497,14.5,male,3,0,0,S
751,761,0,0.8414822271224761,7.125,male,3,0,0,S
752,762,1,-0.7211284244763566,7.2292,male,3,0,0,C
753,763,1,0.46943207197989695,120.0,female,1,1,2,S
754,764,0,-1.0187685485904199,7.775,male,3,0,0,S
755,765,1,1.5855825374076347,77.9583,female,1,1,0,S
756,766,0,0.7435462246171112,39.6,male,1,0,0,C
757,767,0,0.060176901323059806,7.75,female,3,0,0,Q
758,768,0,0.22000964797231207,24.15,male,3,1,0,Q
759,769,0,0.17179194786583357,8.3625,male,3,0,0,S
760,770,0,-0.4234883003622932,9.5,male,3,0,0,S
761,771,0,1.3623524443220871,7.8542,male,3,0,0,S
762,772,0,2.0320427235787295,10.5,female,2,0,0,S
763,773,0,-0.027429555435555135,7.225,male,3,0,0,C
764,774,1,1.8088126304931822,23.0,female,2,1,3,S
765,775,0,-0.8699484865333883,7.75,male,3,0,0,S
766,776,0,0.3936453374693172,7.75,male,3,0,0,Q
767,777,1,-1.8372788899040942,12.475,female,3,0,0,S
768,778,0,-0.7123760922155782,7.7375,male,3,0,0,Q
769,779,1,0.9903022891795078,211.3375,female,1,0,1,S
770,780,1,-1.2419986416759674,7.2292,female,3,0,0,C
771,781,1,-0.9443585175619041,57.0,female,1,1,0,S
772,782,0,-0.05143814521971396,30.0,male,1,0,0,S
773,783,0,-1.0233447654986736,23.45,male,3,1,2,S
774,784,0,-0.34907826933377734,7.05,male,3,0,0,S
775,785,0,-0.34907826933377734,7.25,male,3,0,0,S
776,786,1,-0.8699484865333883,7.4958,female,3,0,0,S
777,787,0,-1.6140487968185466,29.125,male,3,4,1,Q
778,788,1,-2.1349190140181578,20.575,male,3,1,2,S
779,789,0,1.2135323822650554,79.2,male,1,0,0,C
780,790,0,0.3936453374693172,7.75,male,3,0,0,Q
781,791,0,-1.0187685485904199,26.0,male,2,0,0,S
782,792,0,-1.3526283727068609,69.55,female,3,8,2,S
783,793,0,1.5696959957830463,30.6958,male,1,0,0,C
784,794,0,-0.34907826933377734,7.8958,male,3,0,0,S
785,795,0,0.6926621650654444,13.0,male,2,0,0,S
786,796,1,1.436762475350603,25.9292,female,1,0,0,S
787,797,1,0.09738191683731773,8.6833,female,3,0,0,S
788,798,0,0.02297188580880188,7.2292,male,3,0,0,C
789,799,0,0.02297188580880188,24.15,female,3,1,1,S
790,800,0,0.32061200992286526,13.0,male,2,0,0,S
791,801,1,0.09738191683731773,26.25,female,2,1,1,S
792,802,1,-1.390818703732999,120.0,male,1,1,2,S
793,803,1,-2.1780768320146966,8.5167,male,3,0,1,C
794,804,1,-0.20025820727674565,6.975,male,3,0,0,S
795,805,0,0.09738191683731773,7.775,male,3,0,0,S
796,806,0,0.6926621650654444,0.0,male,1,0,0,S
797,807,0,-0.8699484865333883,7.775,female,3,0,0,S
798,808,0,0.6926621650654444,13.0,male,2,0,0,S
799,809,1,0.24620197889434942,53.1,female,1,1,0,S
800,810,0,-0.2746682383052615,7.8875,male,3,0,0,S
801,811,0,0.6926621650654444,24.15,male,3,0,0,S
802,812,0,0.3950220409513811,10.5,male,2,0,0,S
803,813,0,-1.7628688588755783,31.275,female,3,4,2,S
804,814,0,0.060176901323059806,8.05,male,3,0,0,S
805,815,0,0.6924849983249014,0.0,male,1,0,0,S
806,816,0,-0.497898331390809,7.925,female,3,0,0,S
807,817,0,0.09738191683731773,37.0042,male,2,1,1,C
808,818,0,0.9903022891795078,6.45,male,3,0,0,S
809,819,0,-1.465228734761515,27.9,male,3,3,2,S
810,820,1,1.6599925684361505,93.5,female,1,1,1,S
811,821,1,-0.20025820727674565,8.6625,male,3,0,0,S
812,822,0,0.6182521340369286,0.0,male,1,0,0,S
813,823,1,-0.20025820727674565,12.475,female,3,0,1,S
814,824,0,-2.0605089829896417,39.6875,male,3,4,1,S
815,825,0,0.45951870701275294,6.95,male,3,0,0,Q
816,826,0,-0.017327642106959994,56.4958,male,3,0,0,S
817,828,1,0.3936453374693172,7.75,male,3,0,0,Q
818,829,1,2.404092878721309,80.0,female,1,0,0,S
819,830,1,-1.0931785796189357,14.4542,female,3,1,0,C
820,832,0,-0.5071588503407715,7.2292,male,3,0,0,C
821,833,0,-0.497898331390809,7.8542,male,3,0,0,S
822,834,0,-0.8699484865333883,8.3,male,3,0,0,S
823,835,1,0.6926621650654444,83.1583,female,1,1,1,C
824,836,0,-0.6467183934478408,8.6625,male,3,0,0,S
825,837,0,0.06348112587839855,8.05,male,3,0,0,S
826,838,1,0.17179194786583357,56.4958,male,3,0,0,S
827,839,1,1.7227857762871903,29.7,male,1,0,0,C
828,840,0,-0.7211284244763566,7.925,male,3,0,0,S
829,841,0,-1.0187685485904199,10.5,male,2,0,0,S
830,842,1,0.02297188580880188,31.0,female,1,0,0,C
831,843,0,0.3578170254371232,6.4375,male,3,0,0,C
832,844,0,-0.9443585175619041,8.6625,male,3,0,0,S
833,845,0,0.915892258150992,7.55,male,3,0,0,S
834,846,0,-1.3526283727068609,69.55,male,3,8,2,S
835,847,0,0.3950220409513811,7.8958,male,3,0,0,C
836,848,0,-0.1258481762482298,33.0,male,2,0,1,S
837,849,1,1.0818177690075552,89.1042,female,1,1,0,C
838,850,0,-1.91168892093261,31.275,male,3,4,2,S
839,851,0,3.297013251063499,7.775,male,3,0,0,S
840,852,0,-1.5396387657900308,15.2458,female,3,1,1,C
841,853,1,-1.0187685485904199,39.4,female,1,0,1,S
842,854,0,1.0647123202080238,26.0,female,2,1,0,S
843,855,1,-0.8699484865333883,9.35,female,3,0,1,S
844,856,1,1.1391223512365396,164.8667,female,1,1,1,S
845,857,1,1.5855825374076347,26.55,male,1,0,0,S
846,858,1,-0.4234883003622932,19.2583,female,3,0,3,C
847,859,0,-0.5071588503407715,7.2292,male,3,0,0,C
848,860,0,0.8414822271224761,14.1083,male,3,2,0,S
849,861,0,-0.6467183934478408,11.5,male,2,1,0,S
850,862,1,1.3623524443220871,25.9292,female,1,0,0,S
851,863,0,-1.3526283727068609,69.55,female,3,8,2,S
852,864,0,-0.4234883003622932,13.0,male,2,0,0,S
853,865,1,0.915892258150992,13.0,female,2,0,0,S
854,866,1,-0.20025820727674565,13.8583,female,2,1,0,C
855,867,0,0.09738191683731773,50.4958,male,1,0,0,S
856,868,0,-0.27314573159827704,9.5,male,3,0,0,S
857,869,1,-1.91168892093261,11.1333,male,3,1,1,S
858,870,0,-0.2746682383052615,7.8958,male,3,0,0,S
859,871,1,1.2879424132935713,52.5542,female,1,1,1,S
860,872,0,0.24620197889434942,5.0,male,1,0,0,S
861,873,0,1.2879424132935713,9.0,male,3,0,0,S
862,874,1,-0.1258481762482298,24.0,female,2,1,0,C
863,875,1,-1.0931785796189357,7.225,female,3,0,0,C
864,876,0,-0.7211284244763566,9.8458,male,3,0,0,S
865,877,0,-0.7955384555048725,7.8958,male,3,0,0,S
866,878,0,-0.14917221538851916,7.8958,male,3,0,0,S
867,879,1,1.9576326925502139,83.1583,female,1,0,1,C
868,880,1,-0.34907826933377734,26.0,female,2,0,1,S
869,881,0,0.24620197889434942,7.8958,male,3,0,0,S
870,882,0,-0.5723083624193249,10.5167,female,3,0,0,S
871,883,0,-0.1258481762482298,10.5,male,2,0,0,S
872,884,0,-0.34907826933377734,7.05,male,3,0,0,S
873,885,0,0.6926621650654444,29.125,female,3,0,5,Q
874,886,0,-0.20025820727674565,13.0,male,2,0,0,S
875,887,1,-0.7955384555048725,30.0,female,1,0,0,S
876,888,0,-1.0233447654986736,23.45,female,3,1,2,S
877,889,1,-0.2746682383052615,30.0,male,1,0,0,C
878,890,0,0.17179194786583357,7.75,male,3,0,0,Q
