,Unnamed: 0.1,Unnamed: 0,Survived,Age,Fare,SibSp,Parch,male,female,Pclass_1,Pclass_2,Pclass_3,Embarked_S,Embarked_C,Embarked_Q
0,0,0,0,-0.5723083624193249,7.25,1,0,1.0,0.0,0.0,0.0,1.0,1.0,0.0,0.0
1,1,1,1,0.6182521340369286,71.2833,1,0,0.0,1.0,1.0,0.0,0.0,0.0,1.0,0.0
2,2,2,1,-0.2746682383052615,7.925,0,0,0.0,1.0,0.0,0.0,1.0,1.0,0.0,0.0
3,3,3,1,0.3950220409513811,53.1,1,0,0.0,1.0,1.0,0.0,0.0,1.0,0.0,0.0
4,4,4,0,0.3950220409513811,8.05,0,0,1.0,0.0,0.0,0.0,1.0,1.0,0.0,0.0
5,5,5,0,-0.4270015168272827,8.4583,0,0,1.0,0.0,0.0,0.0,1.0,0.0,0.0,1.0
6,6,6,0,1.8088126304931824,51.8625,0,0,1.0,0.0,1.0,0.0,0.0,1.0,0.0,0.0
7,7,7,0,-2.0605089829896417,21.075,3,1,1.0,0.0,0.0,0.0,1.0,1.0,0.0,0.0
8,8,8,1,-0.2002582072767456,11.1333,0,2,0.0,1.0,0.0,0.0,1.0,1.0,0.0,0.0
9,9,9,1,-1.1675886106474516,30.0708,1,0,0.0,1.0,0.0,1.0,0.0,0.0,1.0,0.0
10,10,10,1,-1.91168892093261,16.7,1,1,0.0,1.0,0.0,0.0,1.0,1.0,0.0,0.0
11,11,11,1,2.1064527546072456,26.55,0,0,0.0,1.0,1.0,0.0,0.0,1.0,0.0,0.0
12,12,12,0,-0.7211284244763566,8.05,0,0,1.0,0.0,0.0,0.0,1.0,1.0,0.0,0.0
13,13,13,0,0.6926621650654444,31.275,1,5,1.0,0.0,0.0,0.0,1.0,1.0,0.0,0.0
14,14,14,0,-1.1675886106474516,7.8542,0,0,0.0,1.0,0.0,0.0,1.0,1.0,0.0,0.0
15,15,15,1,1.883222661521698,16.0,0,0,0.0,1.0,0.0,1.0,0.0,1.0,0.0,0.0
16,16,16,0,-2.0605089829896417,29.125,4,1,1.0,0.0,0.0,0.0,1.0,0.0,0.0,1.0
17,17,17,1,0.1727267372401087,13.0,0,0,1.0,0.0,0.0,1.0,0.0,1.0,0.0,0.0
18,18,18,0,0.0973819168373177,18.0,1,0,0.0,1.0,0.0,0.0,1.0,1.0,0.0,0.0
19,19,19,1,-0.0274295554355551,7.225,0,0,0.0,1.0,0.0,0.0,1.0,0.0,1.0,0.0
20,20,20,0,0.3950220409513811,26.0,0,0,1.0,0.0,0.0,1.0,0.0,1.0,0.0,0.0
21,21,21,1,0.3206120099228652,13.0,0,0,1.0,0.0,0.0,1.0,0.0,1.0,0.0,0.0
22,22,22,1,-1.0931785796189355,8.0292,0,0,0.0,1.0,0.0,0.0,1.0,0.0,0.0,1.0
23,23,23,1,-0.1258481762482298,35.5,0,0,1.0,0.0,1.0,0.0,0.0,1.0,0.0,0.0
24,24,24,0,-1.6140487968185466,21.075,3,1,0.0,1.0,0.0,0.0,1.0,1.0,0.0,0.0
25,25,25,1,0.6182521340369286,31.3875,1,5,0.0,1.0,0.0,0.0,1.0,1.0,0.0,0.0
26,26,26,0,-0.0274295554355551,7.225,0,0,1.0,0.0,0.0,0.0,1.0,0.0,1.0,0.0
27,27,27,0,-0.7955384555048725,263.0,3,2,1.0,0.0,1.0,0.0,0.0,1.0,0.0,0.0
28,28,28,1,-0.5351861236142255,7.8792,0,0,0.0,1.0,0.0,0.0,1.0,0.0,0.0,1.0
29,29,29,0,-0.1491722153885191,7.8958,0,0,1.0,0.0,0.0,0.0,1.0,1.0,0.0,0.0
30,30,30,0,0.7670721960939603,27.7208,0,0,1.0,0.0,1.0,0.0,0.0,0.0,1.0,0.0
31,31,31,1,0.4621498102765738,146.5208,1,0,0.0,1.0,1.0,0.0,0.0,0.0,1.0,0.0
32,32,32,1,0.3936453374693172,7.75,0,0,0.0,1.0,0.0,0.0,1.0,0.0,0.0,1.0
33,33,33,0,2.7017330028353723,10.5,0,0,1.0,0.0,0.0,1.0,0.0,1.0,0.0,0.0
34,34,34,0,-0.1258481762482298,82.1708,1,0,1.0,0.0,1.0,0.0,0.0,0.0,1.0,0.0
35,35,35,0,0.915892258150992,52.0,1,0,1.0,0.0,1.0,0.0,0.0,1.0,0.0,0.0
36,36,36,1,-0.5071588503407715,7.2292,0,0,1.0,0.0,0.0,0.0,1.0,0.0,1.0,0.0
37,37,37,0,-0.6467183934478408,8.05,0,0,1.0,0.0,0.0,0.0,1.0,1.0,0.0,0.0
38,38,38,0,-0.8699484865333883,18.0,2,0,0.0,1.0,0.0,0.0,1.0,1.0,0.0,0.0
39,39,39,1,-1.1675886106474516,11.2417,1,0,0.0,1.0,0.0,0.0,1.0,0.0,1.0,0.0
40,40,40,0,0.7670721960939603,9.475,1,0,0.0,1.0,0.0,0.0,1.0,1.0,0.0,0.0
41,41,41,0,-0.2002582072767456,21.0,1,0,0.0,1.0,0.0,1.0,0.0,1.0,0.0,0.0
42,42,42,0,-0.1491722153885191,7.8958,0,0,1.0,0.0,0.0,0.0,1.0,0.0,1.0,0.0
43,43,43,1,-1.9860989519611256,41.5792,1,2,0.0,1.0,0.0,1.0,0.0,0.0,1.0,0.0
44,44,44,1,-0.7955384555048725,7.8792,0,0,0.0,1.0,0.0,0.0,1.0,0.0,0.0,1.0
45,45,45,0,0.0634811258783985,8.05,0,0,1.0,0.0,0.0,0.0,1.0,1.0,0.0,0.0
46,46,46,0,0.3022575356024978,15.5,1,0,1.0,0.0,0.0,0.0,1.0,0.0,0.0,1.0
47,47,47,1,0.3936453374693172,7.75,0,0,0.0,1.0,0.0,0.0,1.0,0.0,0.0,1.0
48,48,48,0,-0.435269888608475,21.6792,2,0,1.0,0.0,0.0,0.0,1.0,0.0,1.0,0.0
49,49,49,0,-0.8699484865333883,17.8,1,0,0.0,1.0,0.0,0.0,1.0,1.0,0.0,0.0
50,50,50,0,-1.6884588278470625,39.6875,4,1,1.0,0.0,0.0,0.0,1.0,1.0,0.0,0.0
51,51,51,0,-0.6467183934478408,7.8,0,0,1.0,0.0,0.0,0.0,1.0,1.0,0.0,0.0
52,52,52,1,1.436762475350603,76.7292,1,0,0.0,1.0,1.0,0.0,0.0,0.0,1.0,0.0
53,53,53,1,-0.0514381452197139,26.0,1,0,0.0,1.0,0.0,1.0,0.0,1.0,0.0,0.0
54,54,54,0,2.6273229718068563,61.9792,0,1,1.0,0.0,1.0,0.0,0.0,0.0,1.0,0.0
55,55,55,1,1.0120199787912028,35.5,0,0,1.0,0.0,1.0,0.0,0.0,1.0,0.0,0.0
56,56,56,1,-0.6467183934478408,10.5,0,0,0.0,1.0,0.0,1.0,0.0,1.0,0.0,0.0
57,57,57,0,-0.0886431607339718,7.2292,0,0,1.0,0.0,0.0,0.0,1.0,0.0,1.0,0.0
58,58,58,1,-1.8372788899040944,27.75,1,2,0.0,1.0,0.0,1.0,0.0,1.0,0.0,0.0
59,59,59,0,-1.390818703732999,46.9,5,2,1.0,0.0,0.0,0.0,1.0,1.0,0.0,0.0
60,60,60,0,-0.5723083624193249,7.2292,0,0,1.0,0.0,0.0,0.0,1.0,0.0,1.0,0.0
61,61,61,1,0.6182521340369286,80.0,0,0,0.0,1.0,1.0,0.0,0.0,1.0,0.0,0.0
62,62,62,0,1.1391223512365396,83.475,1,0,1.0,0.0,1.0,0.0,0.0,1.0,0.0,0.0
63,63,63,0,-1.91168892093261,27.9,3,2,1.0,0.0,0.0,0.0,1.0,1.0,0.0,0.0
64,64,64,0,0.826771589473081,27.7208,0,0,1.0,0.0,1.0,0.0,0.0,0.0,1.0,0.0
65,65,65,1,-0.8434089087998841,15.2458,1,1,1.0,0.0,0.0,0.0,1.0,0.0,1.0,0.0
66,66,66,1,-0.0514381452197139,10.5,0,0,0.0,1.0,0.0,1.0,0.0,1.0,0.0,0.0
67,67,67,0,-0.7955384555048725,8.1583,0,0,1.0,0.0,0.0,0.0,1.0,1.0,0.0,0.0
68,68,68,1,-0.944358517561904,7.925,4,2,0.0,1.0,0.0,0.0,1.0,1.0,0.0,0.0
69,69,69,0,-0.2746682383052615,8.6625,2,0,1.0,0.0,0.0,0.0,1.0,1.0,0.0,0.0
70,70,70,0,0.1717919478658335,10.5,0,0,1.0,0.0,0.0,1.0,0.0,1.0,0.0,0.0
71,71,71,0,-1.01876854859042,46.9,5,2,0.0,1.0,0.0,0.0,1.0,1.0,0.0,0.0
72,72,72,0,-0.6467183934478408,73.5,0,0,1.0,0.0,0.0,1.0,0.0,1.0,0.0,0.0
73,73,73,0,-0.2746682383052615,14.4542,1,0,1.0,0.0,0.0,0.0,1.0,0.0,1.0,0.0
74,74,74,1,0.1717919478658335,56.4958,0,0,1.0,0.0,0.0,0.0,1.0,1.0,0.0,0.0
75,75,75,0,-0.3490782693337773,7.65,0,0,1.0,0.0,0.0,0.0,1.0,1.0,0.0,0.0
76,76,76,0,-0.1491722153885191,7.8958,0,0,1.0,0.0,0.0,0.0,1.0,1.0,0.0,0.0
77,77,77,0,0.0634811258783985,8.05,0,0,1.0,0.0,0.0,0.0,1.0,1.0,0.0,0.0
78,78,79,1,0.0229718858088018,12.475,0,0,0.0,1.0,0.0,0.0,1.0,1.0,0.0,0.0
79,79,80,0,-0.5723083624193249,9.0,0,0,1.0,0.0,0.0,0.0,1.0,1.0,0.0,0.0
80,80,81,1,-0.0514381452197139,9.5,0,0,1.0,0.0,0.0,0.0,1.0,1.0,0.0,0.0
81,81,82,1,-0.4902172941979658,7.7875,0,0,0.0,1.0,0.0,0.0,1.0,0.0,0.0,1.0
82,82,83,0,-0.1258481762482298,47.1,0,0,1.0,0.0,1.0,0.0,0.0,1.0,0.0,0.0
83,83,84,1,-0.944358517561904,10.5,0,0,0.0,1.0,0.0,1.0,0.0,1.0,0.0,0.0
84,84,85,1,0.2462019788943494,15.85,3,0,0.0,1.0,0.0,0.0,1.0,1.0,0.0,0.0
85,85,86,0,-1.01876854859042,34.375,1,3,1.0,0.0,0.0,0.0,1.0,1.0,0.0,0.0
86,86,87,0,0.0634811258783985,8.05,0,0,1.0,0.0,0.0,0.0,1.0,1.0,0.0,0.0
87,87,88,1,-0.497898331390809,263.0,3,2,0.0,1.0,1.0,0.0,0.0,1.0,0.0,0.0
88,88,89,0,-0.4234883003622932,8.05,0,0,1.0,0.0,0.0,0.0,1.0,1.0,0.0,0.0
89,89,90,0,-0.0514381452197139,8.05,0,0,1.0,0.0,0.0,0.0,1.0,1.0,0.0,0.0
90,90,91,0,-0.7211284244763566,7.8542,0,0,1.0,0.0,0.0,0.0,1.0,1.0,0.0,0.0
91,91,92,0,1.2135323822650554,61.175,1,0,1.0,0.0,1.0,0.0,0.0,1.0,0.0,0.0
92,92,93,0,-0.2746682383052615,20.575,1,2,1.0,0.0,0.0,0.0,1.0,1.0,0.0,0.0
93,93,94,0,2.180862785635761,7.25,0,0,1.0,0.0,0.0,0.0,1.0,1.0,0.0,0.0
94,94,95,0,0.0634811258783985,8.05,0,0,1.0,0.0,0.0,0.0,1.0,1.0,0.0,0.0
95,95,96,0,3.0737831579779518,34.6542,0,0,1.0,0.0,1.0,0.0,0.0,0.0,1.0,0.0
96,96,97,1,-0.497898331390809,63.3583,0,1,1.0,0.0,1.0,0.0,0.0,0.0,1.0,0.0
97,97,98,1,0.3206120099228652,23.0,0,1,0.0,1.0,0.0,1.0,0.0,1.0,0.0,0.0
98,98,99,0,0.3206120099228652,26.0,1,0,1.0,0.0,0.0,1.0,0.0,1.0,0.0,0.0
99,99,100,0,-0.1258481762482298,7.8958,0,0,0.0,1.0,0.0,0.0,1.0,1.0,0.0,0.0
100,100,101,0,-0.1491722153885191,7.8958,0,0,1.0,0.0,0.0,0.0,1.0,1.0,0.0,0.0
101,101,102,0,-0.6467183934478408,77.2875,0,1,1.0,0.0,1.0,0.0,0.0,1.0,0.0,0.0
102,102,103,0,0.2462019788943494,8.6542,0,0,1.0,0.0,0.0,0.0,1.0,1.0,0.0,0.0
103,103,104,0,0.5438421030084127,7.925,2,0,1.0,0.0,0.0,0.0,1.0,1.0,0.0,0.0
104,104,105,0,-0.1258481762482298,7.8958,0,0,1.0,0.0,0.0,0.0,1.0,1.0,0.0,0.0
105,105,106,1,-0.6467183934478408,7.65,0,0,0.0,1.0,0.0,0.0,1.0,1.0,0.0,0.0
106,106,107,1,-0.1297060312418861,7.775,0,0,1.0,0.0,0.0,0.0,1.0,1.0,0.0,0.0
107,107,108,0,0.6182521340369286,7.8958,0,0,1.0,0.0,0.0,0.0,1.0,1.0,0.0,0.0
108,108,109,1,0.220009647972312,24.15,1,0,0.0,1.0,0.0,0.0,1.0,0.0,0.0,1.0
109,109,110,0,1.2879424132935713,52.0,0,0,1.0,0.0,1.0,0.0,0.0,1.0,0.0,0.0
110,110,111,0,-1.1303835951331938,14.4542,1,0,0.0,1.0,0.0,0.0,1.0,0.0,1.0,0.0
111,111,112,0,-0.5723083624193249,8.05,0,0,1.0,0.0,0.0,0.0,1.0,1.0,0.0,0.0
112,112,113,0,-0.7211284244763566,9.825,1,0,0.0,1.0,0.0,0.0,1.0,1.0,0.0,0.0
113,113,114,0,-0.944358517561904,14.4583,0,0,0.0,1.0,0.0,0.0,1.0,0.0,1.0,0.0
114,114,115,0,-0.6467183934478408,7.925,0,0,1.0,0.0,0.0,0.0,1.0,1.0,0.0,0.0
115,115,116,0,3.0365781424636937,7.75,0,0,1.0,0.0,0.0,0.0,1.0,0.0,0.0,1.0
116,116,117,0,-0.0514381452197139,21.0,1,0,1.0,0.0,0.0,1.0,0.0,1.0,0.0,0.0
117,117,118,0,-0.4234883003622932,247.5208,0,1,1.0,0.0,1.0,0.0,0.0,0.0,1.0,0.0
118,118,119,0,-2.0605089829896417,31.275,4,2,0.0,1.0,0.0,0.0,1.0,1.0,0.0,0.0
119,119,120,0,-0.6467183934478408,73.5,2,0,1.0,0.0,0.0,1.0,0.0,1.0,0.0,0.0
120,120,121,0,0.0634811258783985,8.05,0,0,1.0,0.0,0.0,0.0,1.0,1.0,0.0,0.0
121,121,122,0,0.2089969633800915,30.0708,1,0,1.0,0.0,0.0,1.0,0.0,0.0,1.0,0.0
122,122,123,1,0.2089969633800915,13.0,0,0,0.0,1.0,0.0,1.0,0.0,1.0,0.0,0.0
123,123,124,0,1.8088126304931824,77.2875,0,1,1.0,0.0,1.0,0.0,0.0,1.0,0.0,0.0
124,124,125,1,-1.3164086727044833,11.2417,1,0,1.0,0.0,0.0,0.0,1.0,0.0,1.0,0.0
125,125,126,0,0.3936453374693172,7.75,0,0,1.0,0.0,0.0,0.0,1.0,0.0,0.0,1.0
126,126,127,1,-0.4234883003622932,7.1417,0,0,1.0,0.0,0.0,0.0,1.0,1.0,0.0,0.0
127,127,128,1,-0.2663219131582296,22.3583,1,1,0.0,1.0,0.0,0.0,1.0,0.0,1.0,0.0
128,128,129,0,1.1391223512365396,6.975,0,0,1.0,0.0,0.0,0.0,1.0,1.0,0.0,0.0
129,129,130,0,0.2462019788943494,7.8958,0,0,1.0,0.0,0.0,0.0,1.0,0.0,1.0,0.0
130,130,131,0,-0.7211284244763566,7.05,0,0,1.0,0.0,0.0,0.0,1.0,1.0,0.0,0.0
131,131,132,0,1.2879424132935713,14.5,1,0,0.0,1.0,0.0,0.0,1.0,1.0,0.0,0.0
132,132,133,1,-0.0514381452197139,26.0,1,0,0.0,1.0,0.0,1.0,0.0,1.0,0.0,0.0
133,133,134,0,-0.3490782693337773,13.0,0,0,1.0,0.0,0.0,1.0,0.0,1.0,0.0,0.0
134,134,135,0,-0.497898331390809,15.0458,0,0,1.0,0.0,0.0,1.0,0.0,0.0,1.0,0.0
135,135,136,1,-0.7955384555048725,26.2833,0,2,0.0,1.0,1.0,0.0,0.0,1.0,0.0,0.0
136,136,137,0,0.5438421030084127,53.1,1,0,1.0,0.0,1.0,0.0,0.0,1.0,0.0,0.0
137,137,138,0,-1.01876854859042,9.2167,0,0,1.0,0.0,0.0,0.0,1.0,1.0,0.0,0.0
138,138,139,0,-0.4234883003622932,79.2,0,0,1.0,0.0,1.0,0.0,0.0,0.0,1.0,0.0
139,139,140,0,-0.305176351026953,15.2458,0,2,0.0,1.0,0.0,0.0,1.0,0.0,1.0,0.0
140,140,141,1,-0.5723083624193249,7.75,0,0,0.0,1.0,0.0,0.0,1.0,1.0,0.0,0.0
141,141,142,1,-0.4234883003622932,15.85,1,0,0.0,1.0,0.0,0.0,1.0,1.0,0.0,0.0
142,142,143,0,-0.7955384555048725,6.75,0,0,1.0,0.0,0.0,0.0,1.0,0.0,0.0,1.0
143,143,144,0,-0.8699484865333883,11.5,0,0,1.0,0.0,0.0,1.0,0.0,1.0,0.0,0.0
144,144,145,0,-0.7955384555048725,36.75,1,1,1.0,0.0,0.0,1.0,0.0,1.0,0.0,0.0
145,145,146,1,-0.2002582072767456,7.7958,0,0,1.0,0.0,0.0,0.0,1.0,1.0,0.0,0.0
146,146,147,0,-1.5396387657900308,34.375,2,2,0.0,1.0,0.0,0.0,1.0,1.0,0.0,0.0
147,147,148,0,0.5066370874941548,26.0,0,2,1.0,0.0,0.0,1.0,0.0,1.0,0.0,0.0
148,148,149,0,0.915892258150992,13.0,0,0,1.0,0.0,0.0,1.0,0.0,1.0,0.0,0.0
149,149,150,0,1.5855825374076349,12.525,0,0,1.0,0.0,0.0,1.0,0.0,1.0,0.0,0.0
150,150,151,1,-0.5723083624193249,66.6,1,0,0.0,1.0,1.0,0.0,0.0,1.0,0.0,0.0
151,151,153,0,0.8042772116082182,14.5,0,2,1.0,0.0,0.0,0.0,1.0,1.0,0.0,0.0
152,152,154,0,-0.0407549092628619,7.3125,0,0,1.0,0.0,0.0,0.0,1.0,1.0,0.0,0.0
153,153,155,0,1.5855825374076349,61.3792,0,1,1.0,0.0,1.0,0.0,0.0,0.0,1.0,0.0
154,154,156,1,-1.01876854859042,7.7333,0,0,0.0,1.0,0.0,0.0,1.0,0.0,0.0,1.0
155,155,157,0,0.0229718858088018,8.05,0,0,1.0,0.0,0.0,0.0,1.0,1.0,0.0,0.0
156,156,158,0,-0.3165478741834968,8.6625,0,0,1.0,0.0,0.0,0.0,1.0,1.0,0.0,0.0
157,157,159,0,-1.3526283727068609,69.55,8,2,1.0,0.0,0.0,0.0,1.0,1.0,0.0,0.0
158,158,160,0,1.0647123202080238,16.1,0,1,1.0,0.0,0.0,0.0,1.0,1.0,0.0,0.0
159,159,161,1,0.7670721960939603,15.75,0,0,0.0,1.0,0.0,1.0,0.0,1.0,0.0,0.0
160,160,162,0,-0.2746682383052615,7.775,0,0,1.0,0.0,0.0,0.0,1.0,1.0,0.0,0.0
161,161,163,0,-0.944358517561904,8.6625,0,0,1.0,0.0,0.0,0.0,1.0,1.0,0.0,0.0
162,162,164,0,-2.1349190140181578,39.6875,4,1,1.0,0.0,0.0,0.0,1.0,1.0,0.0,0.0
163,163,165,1,-1.5396387657900308,20.525,0,2,1.0,0.0,0.0,0.0,1.0,1.0,0.0,0.0
164,164,166,1,-0.3346923300015977,55.0,0,1,0.0,1.0,1.0,0.0,0.0,1.0,0.0,0.0
165,165,167,0,1.1391223512365396,27.9,1,4,0.0,1.0,0.0,0.0,1.0,1.0,0.0,0.0
166,166,168,0,1.457026807134037,25.925,0,0,1.0,0.0,1.0,0.0,0.0,1.0,0.0,0.0
167,167,169,0,-0.1258481762482298,56.4958,0,0,1.0,0.0,0.0,0.0,1.0,1.0,0.0,0.0
168,168,170,0,2.329682847692793,33.5,0,0,1.0,0.0,1.0,0.0,0.0,1.0,0.0,0.0
169,169,171,0,-1.91168892093261,29.125,4,1,1.0,0.0,0.0,0.0,1.0,0.0,0.0,1.0
170,170,172,1,-2.1349190140181578,11.1333,1,1,0.0,1.0,0.0,0.0,1.0,1.0,0.0,0.0
171,171,173,0,-0.6467183934478408,7.925,0,0,1.0,0.0,0.0,0.0,1.0,1.0,0.0,0.0
172,172,174,0,1.9576326925502137,30.6958,0,0,1.0,0.0,1.0,0.0,0.0,0.0,1.0,0.0
173,173,175,0,-0.8699484865333883,7.8542,1,1,1.0,0.0,0.0,0.0,1.0,1.0,0.0,0.0
174,174,176,0,-1.5720644132002108,25.4667,3,1,1.0,0.0,0.0,0.0,1.0,1.0,0.0,0.0
175,175,177,0,1.5111725063791188,28.7125,0,0,0.0,1.0,1.0,0.0,0.0,0.0,1.0,0.0
176,176,178,0,0.0229718858088018,13.0,0,0,1.0,0.0,0.0,1.0,0.0,1.0,0.0,0.0
177,177,179,0,0.4694320719798969,0.0,0,0,1.0,0.0,0.0,0.0,1.0,1.0,0.0,0.0
178,178,180,0,-1.3526283727068609,69.55,8,2,0.0,1.0,0.0,0.0,1.0,1.0,0.0,0.0
179,179,181,0,0.2447137782737788,15.05,0,0,1.0,0.0,0.0,1.0,0.0,0.0,1.0,0.0
180,180,182,0,-1.5396387657900308,31.3875,4,2,1.0,0.0,0.0,0.0,1.0,1.0,0.0,0.0
181,181,184,1,-1.91168892093261,22.025,0,2,0.0,1.0,0.0,0.0,1.0,1.0,0.0,0.0
182,182,185,0,1.1942477825568312,50.0,0,0,1.0,0.0,1.0,0.0,0.0,1.0,0.0,0.0
183,183,186,1,0.3022575356024978,15.5,1,0,0.0,1.0,0.0,0.0,1.0,0.0,0.0,1.0
184,184,187,1,1.1391223512365396,26.55,0,0,1.0,0.0,1.0,0.0,0.0,1.0,0.0,0.0
185,185,188,0,0.7670721960939603,15.5,1,1,1.0,0.0,0.0,0.0,1.0,0.0,0.0,1.0
186,186,189,0,0.4694320719798969,7.8958,0,0,1.0,0.0,0.0,0.0,1.0,1.0,0.0,0.0
187,187,190,1,0.1717919478658335,13.0,0,0,0.0,1.0,0.0,1.0,0.0,1.0,0.0,0.0
188,188,191,0,-0.7955384555048725,13.0,0,0,1.0,0.0,0.0,1.0,0.0,1.0,0.0,0.0
189,189,192,1,-0.7955384555048725,7.8542,1,0,0.0,1.0,0.0,0.0,1.0,1.0,0.0,0.0
190,190,193,1,-1.9860989519611256,26.0,1,1,1.0,0.0,0.0,1.0,0.0,1.0,0.0,0.0
191,191,194,1,1.0647123202080238,27.7208,0,0,0.0,1.0,1.0,0.0,0.0,0.0,1.0,0.0
192,192,195,1,2.1064527546072456,146.5208,0,0,0.0,1.0,1.0,0.0,0.0,0.0,1.0,0.0
193,193,196,0,0.3936453374693172,7.75,0,0,1.0,0.0,0.0,0.0,1.0,0.0,0.0,1.0
194,194,197,0,0.915892258150992,8.4042,0,1,1.0,0.0,0.0,0.0,1.0,1.0,0.0,0.0
195,195,198,1,0.3936453374693172,7.75,0,0,0.0,1.0,0.0,0.0,1.0,0.0,0.0,1.0
196,196,199,0,-0.4234883003622932,13.0,0,0,0.0,1.0,0.0,1.0,0.0,1.0,0.0,0.0
197,197,200,0,-0.1258481762482298,9.5,0,0,1.0,0.0,0.0,0.0,1.0,1.0,0.0,0.0
198,198,201,0,-1.3526283727068609,69.55,8,2,1.0,0.0,0.0,0.0,1.0,1.0,0.0,0.0
199,199,202,0,0.3206120099228652,6.4958,0,0,1.0,0.0,0.0,0.0,1.0,1.0,0.0,0.0
200,200,203,0,1.1763273667507974,7.225,0,0,1.0,0.0,0.0,0.0,1.0,0.0,1.0,0.0
201,201,204,1,-0.8699484865333883,8.05,0,0,1.0,0.0,0.0,0.0,1.0,1.0,0.0,0.0
202,202,205,0,-2.0605089829896417,10.4625,0,1,0.0,1.0,0.0,0.0,1.0,1.0,0.0,0.0
203,203,206,0,0.1717919478658335,15.85,1,0,1.0,0.0,0.0,0.0,1.0,1.0,0.0,0.0
204,204,207,1,-0.2746682383052615,18.7875,0,0,1.0,0.0,0.0,0.0,1.0,0.0,1.0,0.0
205,205,208,1,-1.01876854859042,7.75,0,0,0.0,1.0,0.0,0.0,1.0,0.0,0.0,1.0
206,206,209,1,0.7670721960939603,31.0,0,0,1.0,0.0,1.0,0.0,0.0,0.0,1.0,0.0
207,207,210,0,-0.4234883003622932,7.05,0,0,1.0,0.0,0.0,0.0,1.0,1.0,0.0,0.0
208,208,211,1,0.3950220409513811,21.0,0,0,0.0,1.0,0.0,1.0,0.0,1.0,0.0,0.0
209,209,212,0,-0.5723083624193249,7.25,0,0,1.0,0.0,0.0,0.0,1.0,1.0,0.0,0.0
210,210,213,0,0.0229718858088018,13.0,0,0,1.0,0.0,0.0,1.0,0.0,1.0,0.0,0.0
211,211,214,0,0.0810356980333209,7.75,1,0,1.0,0.0,0.0,0.0,1.0,0.0,0.0,1.0
212,212,215,1,0.0973819168373177,113.275,1,0,0.0,1.0,1.0,0.0,0.0,0.0,1.0,0.0
213,213,216,1,-0.2002582072767456,7.925,0,0,0.0,1.0,0.0,0.0,1.0,1.0,0.0,0.0
214,214,217,0,0.915892258150992,27.0,1,0,1.0,0.0,0.0,1.0,0.0,1.0,0.0,0.0
215,215,218,1,0.1717919478658335,76.2917,0,0,0.0,1.0,1.0,0.0,0.0,0.0,1.0,0.0
216,216,219,0,0.0229718858088018,10.5,0,0,1.0,0.0,0.0,1.0,0.0,1.0,0.0,0.0
217,217,220,1,-1.01876854859042,8.05,0,0,1.0,0.0,0.0,0.0,1.0,1.0,0.0,0.0
218,218,221,0,-0.2002582072767456,13.0,0,0,1.0,0.0,0.0,1.0,0.0,1.0,0.0,0.0
219,219,223,0,-0.1491722153885191,7.8958,0,0,1.0,0.0,0.0,0.0,1.0,1.0,0.0,0.0
220,220,224,1,0.6182521340369286,90.0,1,0,1.0,0.0,1.0,0.0,0.0,1.0,0.0,0.0
221,221,225,0,-0.5723083624193249,9.35,0,0,1.0,0.0,0.0,0.0,1.0,1.0,0.0,0.0
222,222,226,1,-0.7955384555048725,10.5,0,0,1.0,0.0,0.0,1.0,0.0,1.0,0.0,0.0
223,223,227,0,-0.6839234089620987,7.25,0,0,1.0,0.0,0.0,0.0,1.0,1.0,0.0,0.0
224,224,228,0,-0.8699484865333883,13.0,0,0,1.0,0.0,0.0,1.0,0.0,1.0,0.0,0.0
225,225,229,0,-1.5720644132002108,25.4667,3,1,0.0,1.0,0.0,0.0,1.0,1.0,0.0,0.0
226,226,230,1,0.3950220409513811,83.475,1,0,0.0,1.0,1.0,0.0,0.0,1.0,0.0,0.0
227,227,231,0,-0.0514381452197139,7.775,0,0,1.0,0.0,0.0,0.0,1.0,1.0,0.0,0.0
228,228,232,0,2.180862785635761,13.5,0,0,1.0,0.0,0.0,1.0,0.0,1.0,0.0,0.0
229,229,233,1,-1.8372788899040944,31.3875,4,2,0.0,1.0,0.0,0.0,1.0,1.0,0.0,0.0
230,230,234,0,-0.4234883003622932,10.5,0,0,1.0,0.0,0.0,1.0,0.0,1.0,0.0,0.0
231,231,235,0,0.105262293456719,7.55,0,0,0.0,1.0,0.0,0.0,1.0,1.0,0.0,0.0
232,232,236,0,1.0647123202080238,26.0,1,0,1.0,0.0,0.0,1.0,0.0,1.0,0.0,0.0
233,233,237,1,-1.6140487968185466,26.25,0,2,0.0,1.0,0.0,1.0,0.0,1.0,0.0,0.0
234,234,238,0,-0.7955384555048725,10.5,0,0,1.0,0.0,0.0,1.0,0.0,1.0,0.0,0.0
235,235,239,0,0.2462019788943494,12.275,0,0,1.0,0.0,0.0,1.0,0.0,1.0,0.0,0.0
236,236,240,0,-0.5771381321897189,14.4542,1,0,0.0,1.0,0.0,0.0,1.0,0.0,1.0,0.0
237,237,241,1,0.3022575356024978,15.5,1,0,0.0,1.0,0.0,0.0,1.0,0.0,0.0,1.0
238,238,242,0,-0.0514381452197139,10.5,0,0,1.0,0.0,0.0,1.0,0.0,1.0,0.0,0.0
239,239,243,0,-0.5723083624193249,7.125,0,0,1.0,0.0,0.0,0.0,1.0,1.0,0.0,0.0
240,240,244,0,0.0229718858088018,7.225,0,0,1.0,0.0,0.0,0.0,1.0,0.0,1.0,0.0
241,241,245,0,1.0647123202080238,90.0,2,0,1.0,0.0,1.0,0.0,0.0,0.0,0.0,1.0
242,242,246,0,-0.3490782693337773,7.775,0,0,0.0,1.0,0.0,0.0,1.0,1.0,0.0,0.0
243,243,247,1,-0.4234883003622932,14.5,0,2,0.0,1.0,0.0,1.0,0.0,1.0,0.0,0.0
244,244,248,1,0.5438421030084127,52.5542,1,1,1.0,0.0,1.0,0.0,0.0,1.0,0.0,0.0
245,245,249,0,1.8088126304931824,26.0,1,0,1.0,0.0,0.0,1.0,0.0,1.0,0.0,0.0
246,246,250,0,-0.0407549092628619,7.25,0,0,1.0,0.0,0.0,0.0,1.0,1.0,0.0,0.0
247,247,251,0,-0.0514381452197139,10.4625,1,1,0.0,1.0,0.0,0.0,1.0,1.0,0.0,0.0
248,248,252,0,2.404092878721309,26.55,0,0,1.0,0.0,1.0,0.0,0.0,1.0,0.0,0.0
249,249,253,0,0.0229718858088018,16.1,1,0,1.0,0.0,0.0,0.0,1.0,1.0,0.0,0.0
250,250,254,0,0.8414822271224761,20.2125,0,2,0.0,1.0,0.0,0.0,1.0,1.0,0.0,0.0
251,251,255,1,-0.0514381452197139,15.2458,0,2,0.0,1.0,0.0,0.0,1.0,0.0,1.0,0.0
252,252,256,1,0.3626749374628414,79.2,0,0,0.0,1.0,1.0,0.0,0.0,0.0,1.0,0.0
253,253,257,1,0.0229718858088018,86.5,0,0,0.0,1.0,1.0,0.0,0.0,1.0,0.0,0.0
254,254,259,1,1.5111725063791188,26.0,0,1,0.0,1.0,0.0,1.0,0.0,1.0,0.0,0.0
255,255,260,0,0.3936453374693172,7.75,0,0,1.0,0.0,0.0,0.0,1.0,0.0,0.0,1.0
256,256,261,1,-1.9860989519611256,31.3875,4,2,1.0,0.0,0.0,0.0,1.0,1.0,0.0,0.0
257,257,262,0,1.6599925684361505,79.65,1,1,1.0,0.0,1.0,0.0,0.0,1.0,0.0,0.0
258,258,263,0,0.7670721960939603,0.0,0,0,1.0,0.0,1.0,0.0,0.0,1.0,0.0,0.0
259,259,264,0,0.3936453374693172,7.75,0,0,0.0,1.0,0.0,0.0,1.0,0.0,0.0,1.0
260,260,265,0,0.4694320719798969,10.5,0,0,1.0,0.0,0.0,1.0,0.0,1.0,0.0,0.0
261,261,266,0,-1.01876854859042,39.6875,4,1,1.0,0.0,0.0,0.0,1.0,1.0,0.0,0.0
262,262,267,1,-0.3490782693337773,7.775,1,0,1.0,0.0,0.0,0.0,1.0,1.0,0.0,0.0
263,263,268,1,2.1064527546072456,153.4625,0,1,0.0,1.0,1.0,0.0,0.0,1.0,0.0,0.0
264,264,269,1,0.3950220409513811,135.6333,0,0,0.0,1.0,1.0,0.0,0.0,1.0,0.0,0.0
265,265,270,0,0.688631621718067,31.0,0,0,1.0,0.0,1.0,0.0,0.0,1.0,0.0,0.0
266,266,271,1,-0.3490782693337773,0.0,0,0,1.0,0.0,0.0,0.0,1.0,1.0,0.0,0.0
267,267,272,1,0.8414822271224761,19.5,0,1,0.0,1.0,0.0,1.0,0.0,1.0,0.0,0.0
268,268,273,0,0.5438421030084127,29.7,0,1,1.0,0.0,1.0,0.0,0.0,0.0,1.0,0.0
269,269,274,1,0.3936453374693172,7.75,0,0,0.0,1.0,0.0,0.0,1.0,0.0,0.0,1.0
270,270,275,1,2.478502909749825,77.9583,1,0,0.0,1.0,1.0,0.0,0.0,1.0,0.0,0.0
271,271,276,0,1.1391223512365396,7.75,0,0,0.0,1.0,0.0,0.0,1.0,1.0,0.0,0.0
272,272,277,0,0.4194341928148725,0.0,0,0,1.0,0.0,0.0,1.0,0.0,1.0,0.0,0.0
273,273,278,0,-1.6884588278470625,29.125,4,1,1.0,0.0,0.0,0.0,1.0,0.0,0.0,1.0
274,274,279,1,0.3950220409513811,20.25,1,1,0.0,1.0,0.0,0.0,1.0,1.0,0.0,0.0
275,275,280,0,2.6273229718068563,7.75,0,0,1.0,0.0,0.0,0.0,1.0,0.0,0.0,1.0
276,276,281,0,-0.1258481762482298,7.8542,0,0,1.0,0.0,0.0,0.0,1.0,1.0,0.0,0.0
277,277,282,0,-1.01876854859042,9.5,0,0,1.0,0.0,0.0,0.0,1.0,1.0,0.0,0.0
278,278,283,1,-0.7955384555048725,8.05,0,0,1.0,0.0,0.0,0.0,1.0,1.0,0.0,0.0
279,279,284,0,2.1264566512820786,26.0,0,0,1.0,0.0,1.0,0.0,0.0,1.0,0.0,0.0
280,280,285,0,0.2462019788943494,8.6625,0,0,1.0,0.0,0.0,0.0,1.0,0.0,1.0,0.0
281,281,286,1,0.0229718858088018,9.5,0,0,1.0,0.0,0.0,0.0,1.0,1.0,0.0,0.0
282,282,287,0,-0.5723083624193249,7.8958,0,0,1.0,0.0,0.0,0.0,1.0,1.0,0.0,0.0
283,283,288,1,0.915892258150992,13.0,0,0,1.0,0.0,0.0,1.0,0.0,1.0,0.0,0.0
284,284,289,1,-0.5723083624193249,7.75,0,0,0.0,1.0,0.0,0.0,1.0,0.0,0.0,1.0
285,285,290,1,-0.2746682383052615,78.85,0,0,0.0,1.0,1.0,0.0,0.0,1.0,0.0,0.0
286,286,291,1,-0.7955384555048725,91.0792,1,0,0.0,1.0,1.0,0.0,0.0,0.0,1.0,0.0
287,287,292,0,0.4694320719798969,12.875,0,0,1.0,0.0,0.0,1.0,0.0,0.0,1.0,0.0
288,288,293,0,-0.4234883003622932,8.85,0,0,0.0,1.0,0.0,0.0,1.0,1.0,0.0,0.0
289,289,294,0,-0.4234883003622932,7.8958,0,0,1.0,0.0,0.0,0.0,1.0,1.0,0.0,0.0
290,290,295,0,0.826771589473081,27.7208,0,0,1.0,0.0,1.0,0.0,0.0,0.0,1.0,0.0
291,291,296,0,-0.4606933158765511,7.2292,0,0,1.0,0.0,0.0,0.0,1.0,0.0,1.0,0.0
292,292,297,0,-2.0605089829896417,151.55,1,2,0.0,1.0,1.0,0.0,0.0,1.0,0.0,0.0
293,293,298,1,0.9088763746951094,30.5,0,0,1.0,0.0,1.0,0.0,0.0,1.0,0.0,0.0
294,294,299,1,1.5111725063791188,247.5208,0,1,0.0,1.0,1.0,0.0,0.0,0.0,1.0,0.0
295,295,300,1,0.3936453374693172,7.75,0,0,0.0,1.0,0.0,0.0,1.0,0.0,0.0,1.0
296,296,301,1,-0.4568487976067448,23.25,2,0,1.0,0.0,0.0,0.0,1.0,0.0,0.0,1.0
297,297,302,0,-0.7955384555048725,0.0,0,0,1.0,0.0,0.0,0.0,1.0,1.0,0.0,0.0
298,298,303,1,0.9301630391018176,12.35,0,0,0.0,1.0,0.0,1.0,0.0,0.0,0.0,1.0
299,299,304,0,0.0634811258783985,8.05,0,0,1.0,0.0,0.0,0.0,1.0,1.0,0.0,0.0
300,300,305,1,-2.1408718165004386,151.55,1,2,1.0,0.0,1.0,0.0,0.0,1.0,0.0,0.0
301,301,306,1,-0.1202656522536854,110.8833,0,0,0.0,1.0,1.0,0.0,0.0,0.0,1.0,0.0
302,302,307,1,-0.944358517561904,108.9,1,0,0.0,1.0,1.0,0.0,0.0,0.0,1.0,0.0
303,303,308,0,0.0229718858088018,24.0,1,0,1.0,0.0,0.0,1.0,0.0,0.0,1.0,0.0
304,304,309,1,0.0229718858088018,56.9292,0,0,0.0,1.0,1.0,0.0,0.0,0.0,1.0,0.0
305,305,310,1,-0.4234883003622932,83.1583,0,0,0.0,1.0,1.0,0.0,0.0,0.0,1.0,0.0
306,306,311,1,-0.8699484865333883,262.375,2,2,0.0,1.0,1.0,0.0,0.0,0.0,1.0,0.0
307,307,312,0,-0.2746682383052615,26.0,1,1,0.0,1.0,0.0,1.0,0.0,1.0,0.0,0.0
308,308,313,0,-0.1258481762482298,7.8958,0,0,1.0,0.0,0.0,0.0,1.0,1.0,0.0,0.0
309,309,314,0,0.9903022891795078,26.25,1,1,1.0,0.0,0.0,1.0,0.0,1.0,0.0,0.0
310,310,315,1,-0.2746682383052615,7.8542,0,0,0.0,1.0,0.0,0.0,1.0,1.0,0.0,0.0
311,311,316,1,-0.4234883003622932,26.0,1,0,0.0,1.0,0.0,1.0,0.0,1.0,0.0,0.0
312,312,317,0,1.8088126304931824,14.0,0,0,1.0,0.0,0.0,1.0,0.0,1.0,0.0,0.0
313,313,318,1,0.0973819168373177,164.8667,0,2,0.0,1.0,1.0,0.0,0.0,1.0,0.0,0.0
314,314,319,1,0.7670721960939603,134.5,1,1,0.0,1.0,1.0,0.0,0.0,0.0,1.0,0.0
315,315,320,0,-0.5723083624193249,7.25,0,0,1.0,0.0,0.0,0.0,1.0,1.0,0.0,0.0
316,316,321,0,-0.2002582072767456,7.8958,0,0,1.0,0.0,0.0,0.0,1.0,1.0,0.0,0.0
317,317,322,1,0.0229718858088018,12.35,0,0,0.0,1.0,0.0,1.0,0.0,0.0,0.0,1.0
318,318,323,1,-0.5723083624193249,29.0,1,1,0.0,1.0,0.0,1.0,0.0,1.0,0.0,0.0
319,319,324,0,-1.3526283727068609,69.55,8,2,1.0,0.0,0.0,0.0,1.0,1.0,0.0,0.0
320,320,325,1,0.4694320719798969,135.6333,0,0,0.0,1.0,1.0,0.0,0.0,0.0,1.0,0.0
321,321,326,0,2.329682847692793,6.2375,0,0,1.0,0.0,0.0,0.0,1.0,1.0,0.0,0.0
322,322,327,1,0.4694320719798969,13.0,0,0,0.0,1.0,0.0,1.0,0.0,1.0,0.0,0.0
323,323,328,1,0.0973819168373177,20.525,1,1,0.0,1.0,0.0,0.0,1.0,1.0,0.0,0.0
324,324,329,1,-1.01876854859042,57.9792,0,1,0.0,1.0,1.0,0.0,0.0,0.0,1.0,0.0
325,325,330,1,-0.4568487976067448,23.25,2,0,0.0,1.0,0.0,0.0,1.0,0.0,0.0,1.0
326,326,331,0,1.1763273667507974,28.5,0,0,1.0,0.0,1.0,0.0,0.0,1.0,0.0,0.0
327,327,332,0,0.6182521340369286,153.4625,0,1,1.0,0.0,1.0,0.0,0.0,1.0,0.0,0.0
328,328,333,0,-1.01876854859042,18.0,2,0,1.0,0.0,0.0,0.0,1.0,1.0,0.0,0.0
329,329,334,1,0.0741907905000974,133.65,1,0,0.0,1.0,1.0,0.0,0.0,1.0,0.0,0.0
330,330,335,0,-0.1491722153885191,7.8958,0,0,1.0,0.0,0.0,0.0,1.0,1.0,0.0,0.0
331,331,336,0,-0.0514381452197139,66.6,1,0,1.0,0.0,1.0,0.0,0.0,1.0,0.0,0.0
332,332,337,1,0.8414822271224761,134.5,0,0,0.0,1.0,1.0,0.0,0.0,0.0,1.0,0.0
333,333,338,1,1.1391223512365396,8.05,0,0,1.0,0.0,0.0,0.0,1.0,1.0,0.0,0.0
334,334,339,0,1.1391223512365396,35.5,0,0,1.0,0.0,1.0,0.0,0.0,1.0,0.0,0.0
335,335,340,1,-2.0605089829896417,26.0,1,1,1.0,0.0,0.0,1.0,0.0,1.0,0.0,0.0
336,336,341,1,-0.4234883003622932,263.0,3,2,0.0,1.0,1.0,0.0,0.0,1.0,0.0,0.0
337,337,342,0,-0.1258481762482298,13.0,0,0,1.0,0.0,0.0,1.0,0.0,1.0,0.0,0.0
338,338,343,0,-0.3490782693337773,13.0,0,0,1.0,0.0,0.0,1.0,0.0,1.0,0.0,0.0
339,339,344,0,0.4694320719798969,13.0,0,0,1.0,0.0,0.0,1.0,0.0,1.0,0.0,0.0
340,340,345,1,-0.4234883003622932,13.0,0,0,0.0,1.0,0.0,1.0,0.0,1.0,0.0,0.0
341,341,346,1,0.7670721960939603,13.0,0,0,0.0,1.0,0.0,1.0,0.0,1.0,0.0,0.0
342,342,347,1,-0.1904626581920636,16.1,1,0,0.0,1.0,0.0,0.0,1.0,1.0,0.0,0.0
343,343,348,1,-1.9860989519611256,15.9,1,1,1.0,0.0,0.0,0.0,1.0,1.0,0.0,0.0
344,344,349,0,0.915892258150992,8.6625,0,0,1.0,0.0,0.0,0.0,1.0,1.0,0.0,0.0
345,345,350,0,-0.497898331390809,9.225,0,0,1.0,0.0,0.0,0.0,1.0,1.0,0.0,0.0
346,346,351,0,2.151236963281978,35.0,0,0,1.0,0.0,1.0,0.0,0.0,1.0,0.0,0.0
347,347,352,0,-1.0931785796189355,7.2292,1,1,1.0,0.0,0.0,0.0,1.0,0.0,1.0,0.0
348,348,353,0,-0.3490782693337773,17.8,1,0,1.0,0.0,0.0,0.0,1.0,1.0,0.0,0.0
349,349,354,0,-0.0274295554355551,7.225,0,0,1.0,0.0,0.0,0.0,1.0,0.0,1.0,0.0
350,350,355,0,-0.1258481762482298,9.5,0,0,1.0,0.0,0.0,0.0,1.0,1.0,0.0,0.0
351,351,356,1,-0.5723083624193249,55.0,0,1,0.0,1.0,1.0,0.0,0.0,1.0,0.0,0.0
352,352,357,0,0.6182521340369286,13.0,0,0,0.0,1.0,0.0,1.0,0.0,1.0,0.0,0.0
353,353,358,1,-0.5351861236142255,7.8792,0,0,0.0,1.0,0.0,0.0,1.0,0.0,0.0,1.0
354,354,359,1,-0.5351861236142255,7.8792,0,0,0.0,1.0,0.0,0.0,1.0,0.0,0.0,1.0
355,355,360,0,0.7670721960939603,27.9,1,4,1.0,0.0,0.0,0.0,1.0,1.0,0.0,0.0
356,356,361,0,-0.0514381452197139,27.7208,1,0,1.0,0.0,0.0,1.0,0.0,0.0,1.0,0.0
357,357,362,0,1.1391223512365396,14.4542,0,1,0.0,1.0,0.0,0.0,1.0,0.0,1.0,0.0
358,358,363,0,0.3950220409513811,7.05,0,0,1.0,0.0,0.0,0.0,1.0,1.0,0.0,0.0
359,359,364,0,0.3022575356024978,15.5,1,0,1.0,0.0,0.0,0.0,1.0,0.0,0.0,1.0
360,360,365,0,0.0229718858088018,7.25,0,0,1.0,0.0,0.0,0.0,1.0,1.0,0.0,0.0
361,361,366,1,2.2552728166642773,75.25,1,0,0.0,1.0,1.0,0.0,0.0,0.0,1.0,0.0
362,362,367,1,-0.5071588503407715,7.2292,0,0,0.0,1.0,0.0,0.0,1.0,0.0,1.0,0.0
363,363,368,1,0.3936453374693172,7.75,0,0,0.0,1.0,0.0,0.0,1.0,0.0,0.0,1.0
364,364,369,1,-0.4234883003622932,69.3,0,0,0.0,1.0,1.0,0.0,0.0,0.0,1.0,0.0
365,365,370,1,-0.3490782693337773,55.4417,1,0,1.0,0.0,1.0,0.0,0.0,0.0,1.0,0.0
366,366,371,0,-0.8699484865333883,6.4958,1,0,1.0,0.0,0.0,0.0,1.0,1.0,0.0,0.0
367,367,372,0,-0.7955384555048725,8.05,0,0,1.0,0.0,0.0,0.0,1.0,1.0,0.0,0.0
368,368,373,0,-0.5723083624193249,135.6333,0,0,1.0,0.0,1.0,0.0,0.0,0.0,1.0,0.0
369,369,374,0,-1.9860989519611256,21.075,3,1,0.0,1.0,0.0,0.0,1.0,1.0,0.0,0.0
370,370,375,1,0.2552551993361519,82.1708,1,0,0.0,1.0,1.0,0.0,0.0,0.0,1.0,0.0
371,371,376,1,-0.5723083624193249,7.25,0,0,0.0,1.0,0.0,0.0,1.0,1.0,0.0,0.0
372,372,377,0,-0.2002582072767456,211.5,0,2,1.0,0.0,1.0,0.0,0.0,0.0,1.0,0.0
373,373,378,0,-0.7211284244763566,4.0125,0,0,1.0,0.0,0.0,0.0,1.0,0.0,1.0,0.0
374,374,379,0,-0.7955384555048725,7.775,0,0,1.0,0.0,0.0,0.0,1.0,1.0,0.0,0.0
375,375,380,1,0.915892258150992,227.525,0,0,0.0,1.0,1.0,0.0,0.0,0.0,1.0,0.0
376,376,381,1,-2.1349190140181578,15.7417,0,2,0.0,1.0,0.0,0.0,1.0,0.0,1.0,0.0
377,377,382,0,0.1717919478658335,7.925,0,0,1.0,0.0,0.0,0.0,1.0,1.0,0.0,0.0
378,378,383,1,0.3950220409513811,52.0,1,0,0.0,1.0,1.0,0.0,0.0,1.0,0.0,0.0
379,379,384,0,-0.1491722153885191,7.8958,0,0,1.0,0.0,0.0,0.0,1.0,1.0,0.0,0.0
380,380,385,0,-0.8699484865333883,73.5,0,0,1.0,0.0,0.0,1.0,0.0,1.0,0.0,0.0
381,381,386,0,-2.1349190140181578,46.9,5,2,1.0,0.0,0.0,0.0,1.0,1.0,0.0,0.0
382,382,387,1,0.4694320719798969,13.0,0,0,0.0,1.0,0.0,1.0,0.0,1.0,0.0,0.0
383,383,388,0,-0.7123760922155782,7.7292,0,0,1.0,0.0,0.0,0.0,1.0,0.0,0.0,1.0
384,384,389,1,-0.944358517561904,12.0,0,0,0.0,1.0,0.0,1.0,0.0,0.0,1.0,0.0
385,385,390,1,0.4694320719798969,120.0,1,2,1.0,0.0,1.0,0.0,0.0,1.0,0.0,0.0
386,386,391,1,-0.6467183934478408,7.7958,0,0,1.0,0.0,0.0,0.0,1.0,1.0,0.0,0.0
387,387,392,0,-0.1258481762482298,7.925,2,0,1.0,0.0,0.0,0.0,1.0,1.0,0.0,0.0
388,388,393,1,-0.497898331390809,113.275,1,0,0.0,1.0,1.0,0.0,0.0,0.0,1.0,0.0
389,389,394,1,-0.4234883003622932,16.7,0,2,0.0,1.0,0.0,0.0,1.0,1.0,0.0,0.0
390,390,395,0,-0.5723083624193249,7.7958,0,0,1.0,0.0,0.0,0.0,1.0,1.0,0.0,0.0
391,391,396,0,0.0973819168373177,7.8542,0,0,0.0,1.0,0.0,0.0,1.0,1.0,0.0,0.0
392,392,397,0,1.2135323822650554,26.0,0,0,1.0,0.0,0.0,1.0,0.0,1.0,0.0,0.0
393,393,398,0,-0.497898331390809,10.5,0,0,1.0,0.0,0.0,1.0,0.0,1.0,0.0,0.0
394,394,399,1,-0.1258481762482298,12.65,0,0,0.0,1.0,0.0,1.0,0.0,1.0,0.0,0.0
395,395,400,1,0.6926621650654444,7.925,0,0,1.0,0.0,0.0,0.0,1.0,1.0,0.0,0.0
396,396,401,0,-0.2746682383052615,8.05,0,0,1.0,0.0,0.0,0.0,1.0,1.0,0.0,0.0
397,397,402,0,-0.6467183934478408,9.825,1,0,0.0,1.0,0.0,0.0,1.0,1.0,0.0,0.0
398,398,403,0,-0.1258481762482298,15.85,1,0,1.0,0.0,0.0,0.0,1.0,1.0,0.0,0.0
399,399,404,0,-0.7211284244763566,8.6625,0,0,0.0,1.0,0.0,0.0,1.0,1.0,0.0,0.0
400,400,405,0,0.3206120099228652,21.0,1,0,1.0,0.0,0.0,1.0,0.0,1.0,0.0,0.0
401,401,407,1,-1.9860989519611256,18.75,1,1,1.0,0.0,0.0,1.0,0.0,1.0,0.0,0.0
402,402,408,0,-0.6467183934478408,7.775,0,0,1.0,0.0,0.0,0.0,1.0,1.0,0.0,0.0
403,403,409,0,-1.5720644132002108,25.4667,3,1,0.0,1.0,0.0,0.0,1.0,1.0,0.0,0.0
404,404,410,0,-0.1491722153885191,7.8958,0,0,1.0,0.0,0.0,0.0,1.0,1.0,0.0,0.0
405,405,411,0,-0.7715040154826618,6.8583,0,0,1.0,0.0,0.0,0.0,1.0,0.0,0.0,1.0
406,406,412,1,0.2462019788943494,90.0,1,0,0.0,1.0,1.0,0.0,0.0,0.0,0.0,1.0
407,407,413,0,0.4194341928148725,0.0,0,0,1.0,0.0,0.0,1.0,0.0,1.0,0.0,0.0
408,408,414,1,1.0647123202080238,7.925,0,0,1.0,0.0,0.0,0.0,1.0,1.0,0.0,0.0
409,409,415,0,0.0634811258783985,8.05,0,0,0.0,1.0,0.0,0.0,1.0,1.0,0.0,0.0
410,410,416,1,0.3206120099228652,32.5,1,1,0.0,1.0,0.0,1.0,0.0,1.0,0.0,0.0
411,411,417,1,-0.8699484865333883,13.0,0,2,0.0,1.0,0.0,1.0,0.0,1.0,0.0,0.0
412,412,418,0,0.0229718858088018,13.0,0,0,1.0,0.0,0.0,1.0,0.0,1.0,0.0,0.0
413,413,419,0,-1.465228734761515,24.15,0,2,0.0,1.0,0.0,0.0,1.0,1.0,0.0,0.0
414,414,420,0,-0.1491722153885191,7.8958,0,0,1.0,0.0,0.0,0.0,1.0,0.0,1.0,0.0
415,415,421,0,-0.6467183934478408,7.7333,0,0,1.0,0.0,0.0,0.0,1.0,0.0,0.0,1.0
416,416,422,0,-0.0514381452197139,7.875,0,0,1.0,0.0,0.0,0.0,1.0,1.0,0.0,0.0
417,417,423,0,-0.1258481762482298,14.4,1,1,0.0,1.0,0.0,0.0,1.0,1.0,0.0,0.0
418,418,424,0,-0.8699484865333883,20.2125,1,1,1.0,0.0,0.0,0.0,1.0,1.0,0.0,0.0
419,419,425,0,-0.0407549092628619,7.25,0,0,1.0,0.0,0.0,0.0,1.0,1.0,0.0,0.0
420,420,426,1,-0.1258481762482298,26.0,1,0,0.0,1.0,0.0,1.0,0.0,1.0,0.0,0.0
421,421,427,1,-0.7955384555048725,26.0,0,0,0.0,1.0,0.0,1.0,0.0,1.0,0.0,0.0
422,422,428,0,0.3936453374693172,7.75,0,0,1.0,0.0,0.0,0.0,1.0,0.0,0.0,1.0
423,423,429,1,0.1717919478658335,8.05,0,0,1.0,0.0,0.0,0.0,1.0,1.0,0.0,0.0
424,424,430,1,-0.1258481762482298,26.55,0,0,1.0,0.0,1.0,0.0,0.0,1.0,0.0,0.0
425,425,431,1,-0.1904626581920636,16.1,1,0,0.0,1.0,0.0,0.0,1.0,1.0,0.0,0.0
426,426,432,1,0.915892258150992,26.0,1,0,0.0,1.0,0.0,1.0,0.0,1.0,0.0,0.0
427,427,433,0,-0.944358517561904,7.125,0,0,1.0,0.0,0.0,0.0,1.0,1.0,0.0,0.0
428,428,434,0,1.5111725063791188,55.9,1,0,1.0,0.0,1.0,0.0,0.0,1.0,0.0,0.0
429,429,435,1,-1.1675886106474516,120.0,1,2,0.0,1.0,1.0,0.0,0.0,1.0,0.0,0.0
430,430,436,0,-0.6467183934478408,34.375,2,2,0.0,1.0,0.0,0.0,1.0,1.0,0.0,0.0
431,431,437,1,-0.4234883003622932,18.75,2,3,0.0,1.0,0.0,1.0,0.0,1.0,0.0,0.0
432,432,438,0,2.5529129407783406,263.0,1,4,1.0,0.0,1.0,0.0,0.0,1.0,0.0,0.0
433,433,439,0,0.0973819168373177,10.5,0,0,1.0,0.0,0.0,1.0,0.0,1.0,0.0,0.0
434,434,440,1,1.1391223512365396,26.25,1,1,0.0,1.0,0.0,1.0,0.0,1.0,0.0,0.0
435,435,441,0,-0.7211284244763566,9.5,0,0,1.0,0.0,0.0,0.0,1.0,1.0,0.0,0.0
436,436,442,0,-0.3490782693337773,7.775,1,0,1.0,0.0,0.0,0.0,1.0,1.0,0.0,0.0
437,437,443,1,-0.1258481762482298,13.0,0,0,0.0,1.0,0.0,1.0,0.0,1.0,0.0,0.0
438,438,444,1,-0.4613488905384013,8.1125,0,0,1.0,0.0,0.0,0.0,1.0,1.0,0.0,0.0
439,439,445,1,-1.91168892093261,81.8583,0,2,1.0,0.0,1.0,0.0,0.0,1.0,0.0,0.0
440,440,446,1,-1.2419986416759674,19.5,0,1,0.0,1.0,0.0,1.0,0.0,1.0,0.0,0.0
441,441,447,1,0.3206120099228652,26.55,0,0,1.0,0.0,1.0,0.0,0.0,1.0,0.0,0.0
442,442,448,1,-1.8372788899040944,19.2583,2,1,0.0,1.0,0.0,0.0,1.0,0.0,1.0,0.0
443,443,449,1,1.6599925684361505,30.5,0,0,1.0,0.0,1.0,0.0,0.0,1.0,0.0,0.0
444,444,450,0,0.4694320719798969,27.75,1,2,1.0,0.0,0.0,1.0,0.0,1.0,0.0,0.0
445,445,451,0,-0.4090403526709235,19.9667,1,0,1.0,0.0,0.0,0.0,1.0,1.0,0.0,0.0
446,446,452,0,0.0229718858088018,27.75,0,0,1.0,0.0,1.0,0.0,0.0,0.0,1.0,0.0
447,447,453,1,1.436762475350603,89.1042,1,0,1.0,0.0,1.0,0.0,0.0,0.0,1.0,0.0
448,448,454,0,0.0634811258783985,8.05,0,0,1.0,0.0,0.0,0.0,1.0,1.0,0.0,0.0
449,449,455,1,-0.0514381452197139,7.8958,0,0,1.0,0.0,0.0,0.0,1.0,0.0,1.0,0.0
450,450,456,0,2.6273229718068563,26.55,0,0,1.0,0.0,1.0,0.0,0.0,1.0,0.0,0.0
451,451,457,1,1.0913478632593216,51.8625,1,0,0.0,1.0,1.0,0.0,0.0,1.0,0.0,0.0
452,452,458,1,1.5111725063791188,10.5,0,0,0.0,1.0,0.0,1.0,0.0,1.0,0.0,0.0
453,453,459,0,0.3936453374693172,7.75,0,0,1.0,0.0,0.0,0.0,1.0,0.0,0.0,1.0
454,454,460,1,1.3623524443220871,26.55,0,0,1.0,0.0,1.0,0.0,0.0,1.0,0.0,0.0
455,455,461,0,0.3206120099228652,8.05,0,0,1.0,0.0,0.0,0.0,1.0,1.0,0.0,0.0
456,456,462,0,1.2879424132935713,38.5,0,0,1.0,0.0,1.0,0.0,0.0,1.0,0.0,0.0
457,457,463,0,1.3623524443220871,13.0,0,0,1.0,0.0,0.0,1.0,0.0,1.0,0.0,0.0
458,458,464,0,0.0634811258783985,8.05,0,0,1.0,0.0,0.0,0.0,1.0,1.0,0.0,0.0
459,459,465,0,0.6182521340369286,7.05,0,0,1.0,0.0,0.0,0.0,1.0,1.0,0.0,0.0
460,460,466,0,0.4194341928148725,0.0,0,0,1.0,0.0,0.0,1.0,0.0,1.0,0.0,0.0
461,461,467,0,1.9576326925502137,26.55,0,0,1.0,0.0,1.0,0.0,0.0,1.0,0.0,0.0
462,462,468,0,-0.7123760922155782,7.725,0,0,1.0,0.0,0.0,0.0,1.0,0.0,0.0,1.0
463,463,469,1,-2.1535215217752866,19.2583,2,1,0.0,1.0,0.0,0.0,1.0,0.0,1.0,0.0
464,464,470,0,-0.0407549092628619,7.25,0,0,1.0,0.0,0.0,0.0,1.0,1.0,0.0,0.0
465,465,471,0,0.6182521340369286,8.6625,0,0,1.0,0.0,0.0,0.0,1.0,1.0,0.0,0.0
466,466,472,1,0.2462019788943494,27.75,1,2,0.0,1.0,0.0,1.0,0.0,1.0,0.0,0.0
467,467,473,1,-0.497898331390809,13.7917,0,0,0.0,1.0,0.0,1.0,0.0,0.0,1.0,0.0
468,468,474,0,-0.5723083624193249,9.8375,0,0,0.0,1.0,0.0,0.0,1.0,1.0,0.0,0.0
469,469,475,0,1.1459698457585683,52.0,0,0,1.0,0.0,1.0,0.0,0.0,1.0,0.0,0.0
470,470,476,0,0.3206120099228652,21.0,1,0,1.0,0.0,0.0,1.0,0.0,1.0,0.0,0.0
471,471,477,0,-0.0514381452197139,7.0458,1,0,1.0,0.0,0.0,0.0,1.0,1.0,0.0,0.0
472,472,478,0,-0.5723083624193249,7.5208,0,0,1.0,0.0,0.0,0.0,1.0,1.0,0.0,0.0
473,473,479,1,-2.0605089829896417,12.2875,0,1,0.0,1.0,0.0,0.0,1.0,1.0,0.0,0.0
474,474,480,0,-1.5396387657900308,46.9,5,2,1.0,0.0,0.0,0.0,1.0,1.0,0.0,0.0
475,475,481,0,0.4194341928148725,0.0,0,0,1.0,0.0,0.0,1.0,0.0,1.0,0.0,0.0
476,476,482,0,1.5111725063791188,8.05,0,0,1.0,0.0,0.0,0.0,1.0,1.0,0.0,0.0
477,477,483,1,2.478502909749825,9.5875,0,0,0.0,1.0,0.0,0.0,1.0,1.0,0.0,0.0
478,478,484,1,-0.3490782693337773,91.0792,1,0,1.0,0.0,1.0,0.0,0.0,0.0,1.0,0.0
479,479,485,0,-1.5720644132002108,25.4667,3,1,0.0,1.0,0.0,0.0,1.0,1.0,0.0,0.0
480,480,486,1,0.3950220409513811,90.0,1,0,0.0,1.0,1.0,0.0,0.0,1.0,0.0,0.0
481,481,487,0,2.1064527546072456,29.7,0,0,1.0,0.0,1.0,0.0,0.0,0.0,1.0,0.0
482,482,488,0,0.0229718858088018,8.05,0,0,1.0,0.0,0.0,0.0,1.0,1.0,0.0,0.0
483,483,489,1,-1.5396387657900308,15.9,1,1,1.0,0.0,0.0,0.0,1.0,1.0,0.0,0.0
484,484,490,0,-0.4090403526709235,19.9667,1,0,1.0,0.0,0.0,0.0,1.0,1.0,0.0,0.0
485,485,491,0,-0.6467183934478408,7.25,0,0,1.0,0.0,0.0,0.0,1.0,1.0,0.0,0.0
486,486,492,0,1.883222661521698,30.5,0,0,1.0,0.0,1.0,0.0,0.0,1.0,0.0,0.0
487,487,493,0,3.0737831579779518,49.5042,0,0,1.0,0.0,1.0,0.0,0.0,0.0,1.0,0.0
488,488,494,0,-0.6467183934478408,8.05,0,0,1.0,0.0,0.0,0.0,1.0,1.0,0.0,0.0
489,489,495,0,-0.864082052837122,14.4583,0,0,1.0,0.0,0.0,0.0,1.0,0.0,1.0,0.0
490,490,496,1,1.8088126304931824,78.2667,1,0,0.0,1.0,1.0,0.0,0.0,0.0,1.0,0.0
491,491,497,0,-0.3614799411718636,15.1,0,0,1.0,0.0,0.0,0.0,1.0,1.0,0.0,0.0
492,492,498,0,-0.3490782693337773,151.55,1,2,0.0,1.0,1.0,0.0,0.0,1.0,0.0,0.0
493,493,499,0,-0.4234883003622932,7.7958,0,0,1.0,0.0,0.0,0.0,1.0,1.0,0.0,0.0
494,494,500,0,-0.944358517561904,8.6625,0,0,1.0,0.0,0.0,0.0,1.0,1.0,0.0,0.0
495,495,501,0,-0.6467183934478408,7.75,0,0,0.0,1.0,0.0,0.0,1.0,0.0,0.0,1.0
496,496,502,0,-0.2749921581625557,7.6292,0,0,0.0,1.0,0.0,0.0,1.0,0.0,0.0,1.0
497,497,503,0,0.5438421030084127,9.5875,0,0,0.0,1.0,0.0,0.0,1.0,1.0,0.0,0.0
498,498,504,1,-1.01876854859042,86.5,0,0,0.0,1.0,1.0,0.0,0.0,1.0,0.0,0.0
499,499,505,0,-0.8699484865333883,108.9,1,0,1.0,0.0,1.0,0.0,0.0,0.0,1.0,0.0
500,500,506,1,0.2462019788943494,26.0,0,2,0.0,1.0,0.0,1.0,0.0,1.0,0.0,0.0
501,501,507,1,1.4991825339903373,26.55,0,0,1.0,0.0,1.0,0.0,0.0,1.0,0.0,0.0
502,502,508,0,-0.1258481762482298,22.525,0,0,1.0,0.0,0.0,0.0,1.0,1.0,0.0,0.0
503,503,509,1,-0.2746682383052615,56.4958,0,0,1.0,0.0,0.0,0.0,1.0,1.0,0.0,0.0
504,504,510,1,-0.0514381452197139,7.75,0,0,1.0,0.0,0.0,0.0,1.0,0.0,0.0,1.0
505,505,511,0,0.0634811258783985,8.05,0,0,1.0,0.0,0.0,0.0,1.0,1.0,0.0,0.0
506,506,512,1,0.4694320719798969,26.2875,0,0,1.0,0.0,1.0,0.0,0.0,1.0,0.0,0.0
507,507,513,1,1.8088126304931824,59.4,1,0,0.0,1.0,1.0,0.0,0.0,0.0,1.0,0.0
508,508,514,0,-0.4234883003622932,7.4958,0,0,1.0,0.0,0.0,0.0,1.0,1.0,0.0,0.0
509,509,515,0,1.2879424132935713,34.0208,0,0,1.0,0.0,1.0,0.0,0.0,1.0,0.0,0.0
510,510,516,1,0.3206120099228652,10.5,0,0,0.0,1.0,0.0,1.0,0.0,1.0,0.0,0.0
511,511,517,0,0.2531221117800016,24.15,0,0,1.0,0.0,0.0,0.0,1.0,0.0,0.0,1.0
512,512,518,1,0.4694320719798969,26.0,1,0,0.0,1.0,0.0,1.0,0.0,1.0,0.0,0.0
513,513,519,0,0.1717919478658335,7.8958,0,0,1.0,0.0,0.0,0.0,1.0,1.0,0.0,0.0
514,514,520,1,0.0229718858088018,93.5,0,0,0.0,1.0,1.0,0.0,0.0,1.0,0.0,0.0
515,515,521,0,-0.5723083624193249,7.8958,0,0,1.0,0.0,0.0,0.0,1.0,1.0,0.0,0.0
516,516,522,0,-0.0274295554355551,7.225,0,0,1.0,0.0,0.0,0.0,1.0,0.0,1.0,0.0
517,517,523,1,1.0647123202080238,57.9792,0,1,0.0,1.0,1.0,0.0,0.0,0.0,1.0,0.0
518,518,524,0,-0.5071588503407715,7.2292,0,0,1.0,0.0,0.0,0.0,1.0,0.0,1.0,0.0
519,519,525,0,0.8042772116082182,7.75,0,0,1.0,0.0,0.0,0.0,1.0,0.0,0.0,1.0
520,520,526,1,1.5111725063791188,10.5,0,0,0.0,1.0,0.0,1.0,0.0,1.0,0.0,0.0
521,521,527,0,0.7239639847847736,221.7792,0,0,1.0,0.0,1.0,0.0,0.0,1.0,0.0,0.0
522,522,528,0,0.6926621650654444,7.925,0,0,1.0,0.0,0.0,0.0,1.0,1.0,0.0,0.0
523,523,529,0,-0.497898331390809,11.5,2,1,1.0,0.0,0.0,1.0,0.0,1.0,0.0,0.0
524,524,530,1,-2.0605089829896417,26.0,1,1,0.0,1.0,0.0,1.0,0.0,1.0,0.0,0.0
525,525,531,0,-0.5071588503407715,7.2292,0,0,1.0,0.0,0.0,0.0,1.0,0.0,1.0,0.0
526,526,532,0,-0.944358517561904,7.2292,1,1,1.0,0.0,0.0,0.0,1.0,0.0,1.0,0.0
527,527,533,1,-1.662415316987082,22.3583,0,2,0.0,1.0,0.0,0.0,1.0,0.0,1.0,0.0
528,528,534,0,0.0229718858088018,8.6625,0,0,0.0,1.0,0.0,0.0,1.0,1.0,0.0,0.0
529,529,535,1,-1.6884588278470625,26.25,0,2,0.0,1.0,0.0,1.0,0.0,1.0,0.0,0.0
530,530,536,0,1.1391223512365396,26.55,0,0,1.0,0.0,1.0,0.0,0.0,1.0,0.0,0.0
531,531,537,1,0.0229718858088018,106.425,0,0,0.0,1.0,1.0,0.0,0.0,0.0,1.0,0.0
532,532,538,0,-0.5520626331436497,14.5,0,0,1.0,0.0,0.0,0.0,1.0,1.0,0.0,0.0
533,533,539,1,-0.5723083624193249,49.5,0,2,0.0,1.0,1.0,0.0,0.0,0.0,1.0,0.0
534,534,540,1,0.4694320719798969,71.0,0,2,0.0,1.0,1.0,0.0,0.0,1.0,0.0,0.0
535,535,541,0,-1.5396387657900308,31.275,4,2,0.0,1.0,0.0,0.0,1.0,1.0,0.0,0.0
536,536,542,0,-1.390818703732999,31.275,4,2,0.0,1.0,0.0,0.0,1.0,1.0,0.0,0.0
537,537,543,1,0.1717919478658335,26.0,1,0,1.0,0.0,0.0,1.0,0.0,1.0,0.0,0.0
538,538,544,0,1.5111725063791188,106.425,1,0,1.0,0.0,1.0,0.0,0.0,0.0,1.0,0.0
539,539,545,0,2.5529129407783406,26.0,0,0,1.0,0.0,1.0,0.0,0.0,1.0,0.0,0.0
540,540,546,1,-0.7955384555048725,26.0,1,0,0.0,1.0,0.0,1.0,0.0,1.0,0.0,0.0
541,541,547,1,0.2077674262007154,13.8625,0,0,1.0,0.0,0.0,1.0,0.0,0.0,1.0,0.0
542,542,548,0,0.2462019788943494,20.525,1,1,1.0,0.0,0.0,0.0,1.0,1.0,0.0,0.0
543,543,549,1,-1.6140487968185466,36.75,1,1,1.0,0.0,0.0,1.0,0.0,1.0,0.0,0.0
544,544,550,1,-0.944358517561904,110.8833,0,2,1.0,0.0,1.0,0.0,0.0,0.0,1.0,0.0
545,545,551,0,-0.2002582072767456,26.0,0,0,1.0,0.0,0.0,1.0,0.0,1.0,0.0,0.0
546,546,552,0,-0.2494924990923301,7.8292,0,0,1.0,0.0,0.0,0.0,1.0,0.0,0.0,1.0
547,547,553,1,-0.5723083624193249,7.225,0,0,1.0,0.0,0.0,0.0,1.0,0.0,1.0,0.0
548,548,554,1,-0.5723083624193249,7.775,0,0,0.0,1.0,0.0,0.0,1.0,1.0,0.0,0.0
549,549,555,0,2.404092878721309,26.55,0,0,1.0,0.0,1.0,0.0,0.0,1.0,0.0,0.0
550,550,556,1,1.3623524443220871,39.6,1,0,0.0,1.0,1.0,0.0,0.0,0.0,1.0,0.0
551,551,557,0,0.7239639847847736,227.525,0,0,1.0,0.0,1.0,0.0,0.0,0.0,1.0,0.0
552,552,558,1,0.6926621650654444,79.65,1,1,0.0,1.0,1.0,0.0,0.0,1.0,0.0,0.0
553,553,559,1,0.4694320719798969,17.4,1,0,0.0,1.0,0.0,0.0,1.0,1.0,0.0,0.0
554,554,560,0,0.3936453374693172,7.75,0,0,1.0,0.0,0.0,0.0,1.0,0.0,0.0,1.0
555,555,561,0,0.7670721960939603,7.8958,0,0,1.0,0.0,0.0,0.0,1.0,1.0,0.0,0.0
556,556,562,0,-0.1258481762482298,13.5,0,0,1.0,0.0,0.0,1.0,0.0,1.0,0.0,0.0
557,557,563,0,0.0634811258783985,8.05,0,0,1.0,0.0,0.0,0.0,1.0,1.0,0.0,0.0
558,558,564,0,0.0634811258783985,8.05,0,0,0.0,1.0,0.0,0.0,1.0,1.0,0.0,0.0
559,559,565,0,-0.4234883003622932,24.15,2,0,1.0,0.0,0.0,0.0,1.0,1.0,0.0,0.0
560,560,566,0,-0.7955384555048725,7.8958,0,0,1.0,0.0,0.0,0.0,1.0,1.0,0.0,0.0
561,561,567,0,-0.0514381452197139,21.075,0,4,0.0,1.0,0.0,0.0,1.0,1.0,0.0,0.0
562,562,568,0,-0.5071588503407715,7.2292,0,0,1.0,0.0,0.0,0.0,1.0,0.0,1.0,0.0
563,563,569,1,0.1717919478658335,7.8542,0,0,1.0,0.0,0.0,0.0,1.0,1.0,0.0,0.0
564,564,570,1,2.404092878721309,10.5,0,0,1.0,0.0,0.0,1.0,0.0,1.0,0.0,0.0
565,565,571,1,1.7344025994646664,51.4792,2,0,0.0,1.0,1.0,0.0,0.0,1.0,0.0,0.0
566,566,572,1,0.4694320719798969,26.3875,0,0,1.0,0.0,1.0,0.0,0.0,1.0,0.0,0.0
567,567,573,1,0.3936453374693172,7.75,0,0,0.0,1.0,0.0,0.0,1.0,0.0,0.0,1.0
568,568,574,0,-1.01876854859042,8.05,0,0,1.0,0.0,0.0,0.0,1.0,1.0,0.0,0.0
569,569,575,0,-0.7955384555048725,14.5,0,0,1.0,0.0,0.0,0.0,1.0,1.0,0.0,0.0
570,570,576,1,0.3206120099228652,13.0,0,0,0.0,1.0,0.0,1.0,0.0,1.0,0.0,0.0
571,571,577,1,0.6926621650654444,55.9,1,0,0.0,1.0,1.0,0.0,0.0,1.0,0.0,0.0
572,572,578,0,-0.658576367815619,14.4583,1,0,0.0,1.0,0.0,0.0,1.0,0.0,1.0,0.0
573,573,579,1,0.1717919478658335,7.925,0,0,1.0,0.0,0.0,0.0,1.0,1.0,0.0,0.0
574,574,580,1,-0.3490782693337773,30.0,1,1,0.0,1.0,0.0,1.0,0.0,1.0,0.0,0.0
575,575,581,1,0.6926621650654444,110.8833,1,1,0.0,1.0,1.0,0.0,0.0,0.0,1.0,0.0
576,576,582,0,1.8088126304931824,26.0,0,0,1.0,0.0,0.0,1.0,0.0,1.0,0.0,0.0
577,577,583,0,0.4694320719798969,40.125,0,0,1.0,0.0,1.0,0.0,0.0,0.0,1.0,0.0
578,578,584,0,-0.0601026581159777,8.7125,0,0,1.0,0.0,0.0,0.0,1.0,0.0,1.0,0.0
579,579,585,1,-0.8699484865333883,79.65,0,2,0.0,1.0,1.0,0.0,0.0,1.0,0.0,0.0
580,580,586,0,1.2879424132935713,15.0,0,0,1.0,0.0,0.0,1.0,0.0,1.0,0.0,0.0
581,581,587,1,2.2552728166642773,79.2,1,1,1.0,0.0,1.0,0.0,0.0,0.0,1.0,0.0
582,582,588,0,-0.5723083624193249,8.05,0,0,1.0,0.0,0.0,0.0,1.0,1.0,0.0,0.0
583,583,589,0,0.0634811258783985,8.05,0,0,1.0,0.0,0.0,0.0,1.0,1.0,0.0,0.0
584,584,590,0,0.3950220409513811,7.125,0,0,1.0,0.0,0.0,0.0,1.0,1.0,0.0,0.0
585,585,591,1,1.6599925684361505,78.2667,1,0,0.0,1.0,1.0,0.0,0.0,0.0,1.0,0.0
586,586,592,0,1.2879424132935713,7.25,0,0,1.0,0.0,0.0,0.0,1.0,1.0,0.0,0.0
587,587,593,0,-0.105777299808093,7.75,0,2,0.0,1.0,0.0,0.0,1.0,0.0,0.0,1.0
588,588,594,0,0.5438421030084127,26.0,1,0,1.0,0.0,0.0,1.0,0.0,1.0,0.0,0.0
589,589,595,0,0.4694320719798969,24.15,1,1,1.0,0.0,0.0,0.0,1.0,1.0,0.0,0.0
590,590,596,1,-0.3834638578817534,33.0,0,0,0.0,1.0,0.0,1.0,0.0,1.0,0.0,0.0
591,591,597,0,1.436762475350603,0.0,0,0,1.0,0.0,0.0,0.0,1.0,1.0,0.0,0.0
592,592,598,0,-0.0274295554355551,7.225,0,0,1.0,0.0,0.0,0.0,1.0,0.0,1.0,0.0
593,593,599,1,1.436762475350603,56.9292,1,0,1.0,0.0,1.0,0.0,0.0,0.0,1.0,0.0
594,594,600,1,-0.4234883003622932,27.0,2,1,0.0,1.0,0.0,1.0,0.0,1.0,0.0,0.0
595,595,601,0,-0.1491722153885191,7.8958,0,0,1.0,0.0,0.0,0.0,1.0,1.0,0.0,0.0
596,596,602,0,0.5791496627314435,42.4,0,0,1.0,0.0,1.0,0.0,0.0,1.0,0.0,0.0
597,597,603,0,1.0647123202080238,8.05,0,0,1.0,0.0,0.0,0.0,1.0,1.0,0.0,0.0
598,598,604,1,0.3950220409513811,26.55,0,0,1.0,0.0,1.0,0.0,0.0,0.0,1.0,0.0
599,599,605,0,0.4694320719798969,15.55,1,0,1.0,0.0,0.0,0.0,1.0,1.0,0.0,0.0
600,600,606,0,0.0229718858088018,7.8958,0,0,1.0,0.0,0.0,0.0,1.0,1.0,0.0,0.0
601,601,607,1,-0.2002582072767456,30.5,0,0,1.0,0.0,1.0,0.0,0.0,1.0,0.0,0.0
602,602,608,1,-0.5723083624193249,41.5792,1,2,0.0,1.0,0.0,1.0,0.0,0.0,1.0,0.0
603,603,609,1,0.7670721960939603,153.4625,0,0,0.0,1.0,1.0,0.0,0.0,1.0,0.0,0.0
604,604,610,0,0.6926621650654444,31.275,1,5,0.0,1.0,0.0,0.0,1.0,1.0,0.0,0.0
605,605,611,0,-0.1859443425958334,7.05,0,0,1.0,0.0,0.0,0.0,1.0,1.0,0.0,0.0
606,606,612,1,0.3022575356024978,15.5,1,0,0.0,1.0,0.0,0.0,1.0,0.0,0.0,1.0
607,607,613,0,0.3936453374693172,7.75,0,0,1.0,0.0,0.0,0.0,1.0,0.0,0.0,1.0
608,608,614,0,0.3950220409513811,8.05,0,0,1.0,0.0,0.0,0.0,1.0,1.0,0.0,0.0
609,609,615,1,-0.4234883003622932,65.0,1,2,0.0,1.0,0.0,1.0,0.0,1.0,0.0,0.0
610,610,616,0,0.3206120099228652,14.4,1,1,1.0,0.0,0.0,0.0,1.0,1.0,0.0,0.0
611,611,617,0,-0.2746682383052615,16.1,1,0,0.0,1.0,0.0,0.0,1.0,1.0,0.0,0.0
612,612,618,1,-1.91168892093261,39.0,2,1,0.0,1.0,0.0,1.0,0.0,1.0,0.0,0.0
613,613,619,0,-0.2746682383052615,10.5,0,0,1.0,0.0,0.0,1.0,0.0,1.0,0.0,0.0
614,614,620,0,-0.2002582072767456,14.4542,1,0,1.0,0.0,0.0,0.0,1.0,0.0,1.0,0.0
615,615,621,1,0.915892258150992,52.5542,1,0,1.0,0.0,1.0,0.0,0.0,1.0,0.0,0.0
616,616,622,1,-0.7211284244763566,15.7417,1,1,1.0,0.0,0.0,0.0,1.0,0.0,1.0,0.0
617,617,623,0,-0.6467183934478408,7.8542,0,0,1.0,0.0,0.0,0.0,1.0,1.0,0.0,0.0
618,618,624,0,-0.6467183934478408,16.1,0,0,1.0,0.0,0.0,0.0,1.0,1.0,0.0,0.0
619,619,625,0,2.329682847692793,32.3208,0,0,1.0,0.0,1.0,0.0,0.0,1.0,0.0,0.0
620,620,626,0,2.032042723578729,12.35,0,0,1.0,0.0,0.0,1.0,0.0,0.0,0.0,1.0
621,621,627,1,-0.6467183934478408,77.9583,0,0,0.0,1.0,1.0,0.0,0.0,1.0,0.0,0.0
622,622,628,0,-0.2746682383052615,7.8958,0,0,1.0,0.0,0.0,0.0,1.0,1.0,0.0,0.0
623,623,629,0,-0.7123760922155782,7.7333,0,0,1.0,0.0,0.0,0.0,1.0,0.0,0.0,1.0
624,624,630,1,3.743473437234594,30.0,0,0,1.0,0.0,1.0,0.0,0.0,1.0,0.0,0.0
625,625,632,1,0.1717919478658335,30.5,0,0,1.0,0.0,1.0,0.0,0.0,0.0,1.0,0.0
626,626,633,0,0.6924849983249014,0.0,0,0,1.0,0.0,1.0,0.0,0.0,1.0,0.0,0.0
627,627,634,0,-1.5396387657900308,27.9,3,2,0.0,1.0,0.0,0.0,1.0,1.0,0.0,0.0
628,628,635,1,-0.1258481762482298,13.0,0,0,0.0,1.0,0.0,1.0,0.0,1.0,0.0,0.0
629,629,636,0,0.1717919478658335,7.925,0,0,1.0,0.0,0.0,0.0,1.0,1.0,0.0,0.0
630,630,637,0,0.0973819168373177,26.25,1,1,1.0,0.0,0.0,1.0,0.0,1.0,0.0,0.0
631,631,638,0,0.8414822271224761,39.6875,0,5,0.0,1.0,0.0,0.0,1.0,1.0,0.0,0.0
632,632,639,0,-0.1904626581920636,16.1,1,0,1.0,0.0,0.0,0.0,1.0,1.0,0.0,0.0
633,633,640,0,-0.7211284244763566,7.8542,0,0,1.0,0.0,0.0,0.0,1.0,1.0,0.0,0.0
634,634,641,1,-0.4234883003622932,69.3,0,0,0.0,1.0,1.0,0.0,0.0,0.0,1.0,0.0
635,635,642,0,-2.0605089829896417,27.9,3,2,0.0,1.0,0.0,0.0,1.0,1.0,0.0,0.0
636,636,643,1,-0.0173276421069599,56.4958,0,0,1.0,0.0,0.0,0.0,1.0,1.0,0.0,0.0
637,637,644,1,-2.1535215217752866,19.2583,2,1,0.0,1.0,0.0,0.0,1.0,0.0,1.0,0.0
638,638,645,1,1.3623524443220871,76.7292,1,0,1.0,0.0,1.0,0.0,0.0,0.0,1.0,0.0
639,639,646,0,-0.7955384555048725,7.8958,0,0,1.0,0.0,0.0,0.0,1.0,1.0,0.0,0.0
640,640,647,1,1.9576326925502137,35.5,0,0,1.0,0.0,1.0,0.0,0.0,0.0,1.0,0.0
641,641,648,0,0.105262293456719,7.55,0,0,1.0,0.0,0.0,0.0,1.0,1.0,0.0,0.0
642,642,649,1,-0.497898331390809,7.55,0,0,0.0,1.0,0.0,0.0,1.0,1.0,0.0,0.0
643,643,650,0,-0.1491722153885191,7.8958,0,0,1.0,0.0,0.0,0.0,1.0,1.0,0.0,0.0
644,644,651,1,-0.8699484865333883,23.0,0,1,0.0,1.0,0.0,1.0,0.0,1.0,0.0,0.0
645,645,652,0,-0.6467183934478408,8.4333,0,0,1.0,0.0,0.0,0.0,1.0,1.0,0.0,0.0
646,646,653,1,-0.2494924990923301,7.8292,0,0,0.0,1.0,0.0,0.0,1.0,0.0,0.0,1.0
647,647,654,0,-0.8699484865333883,6.75,0,0,0.0,1.0,0.0,0.0,1.0,0.0,0.0,1.0
648,648,655,0,-0.4234883003622932,73.5,2,0,1.0,0.0,0.0,1.0,0.0,1.0,0.0,0.0
649,649,656,0,-0.1491722153885191,7.8958,0,0,1.0,0.0,0.0,0.0,1.0,1.0,0.0,0.0
650,650,657,0,0.1717919478658335,15.5,1,1,0.0,1.0,0.0,0.0,1.0,0.0,0.0,1.0
651,651,658,0,-0.497898331390809,13.0,0,0,1.0,0.0,0.0,1.0,0.0,1.0,0.0,0.0
652,652,659,0,2.1064527546072456,113.275,0,2,1.0,0.0,1.0,0.0,0.0,0.0,1.0,0.0
653,653,660,1,1.5111725063791188,133.65,2,0,1.0,0.0,1.0,0.0,0.0,1.0,0.0,0.0
654,654,661,0,0.7670721960939603,7.225,0,0,1.0,0.0,0.0,0.0,1.0,0.0,1.0,0.0
655,655,662,0,1.2879424132935713,25.5875,0,0,1.0,0.0,1.0,0.0,0.0,1.0,0.0,0.0
656,656,663,0,0.4694320719798969,7.4958,0,0,1.0,0.0,0.0,0.0,1.0,1.0,0.0,0.0
657,657,664,1,-0.7211284244763566,7.925,1,0,1.0,0.0,0.0,0.0,1.0,1.0,0.0,0.0
658,658,665,0,0.1717919478658335,73.5,2,0,1.0,0.0,0.0,1.0,0.0,1.0,0.0,0.0
659,659,666,0,-0.3490782693337773,13.0,0,0,1.0,0.0,0.0,1.0,0.0,1.0,0.0,0.0
660,660,667,0,-0.1297060312418861,7.775,0,0,1.0,0.0,0.0,0.0,1.0,1.0,0.0,0.0
661,661,668,0,0.9903022891795078,8.05,0,0,1.0,0.0,0.0,0.0,1.0,1.0,0.0,0.0
662,662,669,1,0.7532215955961244,52.0,1,0,0.0,1.0,1.0,0.0,0.0,1.0,0.0,0.0
663,663,670,1,0.7670721960939603,39.0,1,1,0.0,1.0,0.0,1.0,0.0,1.0,0.0,0.0
664,664,671,0,0.0973819168373177,52.0,1,0,1.0,0.0,1.0,0.0,0.0,1.0,0.0,0.0
665,665,672,0,2.999373126949436,10.5,0,0,1.0,0.0,0.0,1.0,0.0,1.0,0.0,0.0
666,666,673,1,0.0973819168373177,13.0,0,0,1.0,0.0,0.0,1.0,0.0,1.0,0.0,0.0
667,667,674,0,0.4194341928148725,0.0,0,0,1.0,0.0,0.0,1.0,0.0,1.0,0.0,0.0
668,668,675,0,-0.8699484865333883,7.775,0,0,1.0,0.0,0.0,0.0,1.0,1.0,0.0,0.0
669,669,676,0,-0.3862832848480352,8.05,0,0,1.0,0.0,0.0,0.0,1.0,1.0,0.0,0.0
670,670,677,1,-0.8699484865333883,9.8417,0,0,0.0,1.0,0.0,0.0,1.0,1.0,0.0,0.0
671,671,678,0,0.9903022891795078,46.9,1,6,0.0,1.0,0.0,0.0,1.0,1.0,0.0,0.0
672,672,680,0,-0.4613488905384013,8.1375,0,0,0.0,1.0,0.0,0.0,1.0,0.0,0.0,1.0
673,673,681,1,-0.2002582072767456,76.7292,0,0,1.0,0.0,1.0,0.0,0.0,0.0,1.0,0.0
674,674,682,0,-0.7211284244763566,9.225,0,0,1.0,0.0,0.0,0.0,1.0,1.0,0.0,0.0
675,675,683,0,-1.1675886106474516,46.9,5,2,1.0,0.0,0.0,0.0,1.0,1.0,0.0,0.0
676,676,684,0,2.2552728166642773,39.0,1,1,1.0,0.0,0.0,1.0,0.0,1.0,0.0,0.0
677,677,685,0,-0.3490782693337773,41.5792,1,2,1.0,0.0,0.0,1.0,0.0,0.0,1.0,0.0
678,678,686,0,-1.1675886106474516,39.6875,4,1,1.0,0.0,0.0,0.0,1.0,1.0,0.0,0.0
679,679,687,0,-0.7955384555048725,10.1708,0,0,1.0,0.0,0.0,0.0,1.0,1.0,0.0,0.0
680,680,688,0,-0.8699484865333883,7.7958,0,0,1.0,0.0,0.0,0.0,1.0,1.0,0.0,0.0
681,681,689,1,-1.0931785796189355,211.3375,0,1,0.0,1.0,1.0,0.0,0.0,1.0,0.0,0.0
682,682,690,1,0.0973819168373177,57.0,1,0,1.0,0.0,1.0,0.0,0.0,1.0,0.0,0.0
683,683,691,1,-1.91168892093261,13.4167,0,1,0.0,1.0,0.0,0.0,1.0,0.0,1.0,0.0
684,684,692,1,-0.0173276421069599,56.4958,0,0,1.0,0.0,0.0,0.0,1.0,1.0,0.0,0.0
685,685,693,0,-0.3490782693337773,7.225,0,0,1.0,0.0,0.0,0.0,1.0,0.0,1.0,0.0
686,686,694,0,2.2552728166642773,26.55,0,0,1.0,0.0,1.0,0.0,0.0,1.0,0.0,0.0
687,687,695,0,1.6599925684361505,13.5,0,0,1.0,0.0,0.0,1.0,0.0,1.0,0.0,0.0
688,688,696,0,1.0647123202080238,8.05,0,0,1.0,0.0,0.0,0.0,1.0,1.0,0.0,0.0
689,689,697,1,-0.7123760922155782,7.7333,0,0,0.0,1.0,0.0,0.0,1.0,0.0,0.0,1.0
690,690,698,0,1.436762475350603,110.8833,1,1,1.0,0.0,1.0,0.0,0.0,0.0,1.0,0.0
691,691,699,0,0.915892258150992,7.65,0,0,1.0,0.0,0.0,0.0,1.0,1.0,0.0,0.0
692,692,700,1,-0.8699484865333883,227.525,1,0,0.0,1.0,1.0,0.0,0.0,0.0,1.0,0.0
693,693,701,1,0.3950220409513811,26.2875,0,0,1.0,0.0,1.0,0.0,0.0,1.0,0.0,0.0
694,694,702,0,-0.8699484865333883,14.4542,0,1,0.0,1.0,0.0,0.0,1.0,0.0,1.0,0.0
695,695,703,0,-0.3490782693337773,7.7417,0,0,1.0,0.0,0.0,0.0,1.0,0.0,0.0,1.0
696,696,704,0,-0.2746682383052615,7.8542,1,0,1.0,0.0,0.0,0.0,1.0,1.0,0.0,0.0
697,697,705,0,0.6926621650654444,26.0,0,0,1.0,0.0,0.0,1.0,0.0,1.0,0.0,0.0
698,698,706,1,1.1391223512365396,13.5,0,0,0.0,1.0,0.0,1.0,0.0,1.0,0.0,0.0
699,699,707,1,0.915892258150992,26.2875,0,0,1.0,0.0,1.0,0.0,0.0,1.0,0.0,0.0
700,700,708,1,-0.5723083624193249,151.55,0,0,0.0,1.0,1.0,0.0,0.0,1.0,0.0,0.0
701,701,709,1,-0.8434089087998841,15.2458,1,1,1.0,0.0,0.0,0.0,1.0,0.0,1.0,0.0
702,702,710,1,-0.4234883003622932,49.5042,0,0,0.0,1.0,1.0,0.0,0.0,0.0,1.0,0.0
703,703,711,0,1.4991825339903373,26.55,0,0,1.0,0.0,1.0,0.0,0.0,1.0,0.0,0.0
704,704,712,1,1.3623524443220871,52.0,1,0,1.0,0.0,1.0,0.0,0.0,1.0,0.0,0.0
705,705,713,0,-0.0514381452197139,9.4833,0,0,1.0,0.0,0.0,0.0,1.0,1.0,0.0,0.0
706,706,714,0,1.6599925684361505,13.0,0,0,1.0,0.0,0.0,1.0,0.0,1.0,0.0,0.0
707,707,715,0,-0.7955384555048725,7.65,0,0,1.0,0.0,0.0,0.0,1.0,1.0,0.0,0.0
708,708,716,1,0.6182521340369286,227.525,0,0,0.0,1.0,1.0,0.0,0.0,0.0,1.0,0.0
709,709,717,1,-0.2002582072767456,10.5,0,0,0.0,1.0,0.0,1.0,0.0,1.0,0.0,0.0
710,710,718,0,-0.1875340919708694,15.5,0,0,1.0,0.0,0.0,0.0,1.0,0.0,0.0,1.0
711,711,719,0,0.2462019788943494,7.775,0,0,1.0,0.0,0.0,0.0,1.0,1.0,0.0,0.0
712,712,720,1,-1.7628688588755783,33.0,0,1,0.0,1.0,0.0,1.0,0.0,1.0,0.0,0.0
713,713,721,0,-0.944358517561904,7.0542,1,0,1.0,0.0,0.0,0.0,1.0,1.0,0.0,0.0
714,714,722,0,0.3206120099228652,13.0,0,0,1.0,0.0,0.0,1.0,0.0,1.0,0.0,0.0
715,715,723,0,1.5111725063791188,13.0,0,0,1.0,0.0,0.0,1.0,0.0,1.0,0.0,0.0
716,716,724,1,-0.2002582072767456,53.1,1,0,1.0,0.0,1.0,0.0,0.0,1.0,0.0,0.0
717,717,725,0,-0.7211284244763566,8.6625,0,0,1.0,0.0,0.0,0.0,1.0,1.0,0.0,0.0
718,718,726,1,0.0229718858088018,21.0,3,0,0.0,1.0,0.0,1.0,0.0,1.0,0.0,0.0
719,719,727,1,-0.7123760922155782,7.7375,0,0,0.0,1.0,0.0,0.0,1.0,0.0,0.0,1.0
720,720,728,0,-0.3490782693337773,26.0,1,0,1.0,0.0,0.0,1.0,0.0,1.0,0.0,0.0
721,721,729,0,-0.3490782693337773,7.925,1,0,0.0,1.0,0.0,0.0,1.0,1.0,0.0,0.0
722,722,730,1,-0.0514381452197139,211.3375,0,0,0.0,1.0,1.0,0.0,0.0,1.0,0.0,0.0
723,723,731,0,-1.390818703732999,18.7875,0,0,1.0,0.0,0.0,0.0,1.0,0.0,1.0,0.0
724,724,732,0,0.4194341928148725,0.0,0,0,1.0,0.0,0.0,1.0,0.0,1.0,0.0,0.0
725,725,733,0,-0.497898331390809,13.0,0,0,1.0,0.0,0.0,1.0,0.0,1.0,0.0,0.0
726,726,734,0,-0.497898331390809,13.0,0,0,1.0,0.0,0.0,1.0,0.0,1.0,0.0,0.0
727,727,735,0,-0.0886431607339718,16.1,0,0,1.0,0.0,0.0,0.0,1.0,1.0,0.0,0.0
728,728,736,0,1.3623524443220871,34.375,1,3,0.0,1.0,0.0,0.0,1.0,1.0,0.0,0.0
729,729,738,0,-0.1491722153885191,7.8958,0,0,1.0,0.0,0.0,0.0,1.0,1.0,0.0,0.0
730,730,739,0,-0.1491722153885191,7.8958,0,0,1.0,0.0,0.0,0.0,1.0,1.0,0.0,0.0
731,731,740,1,0.616127018984102,30.0,0,0,1.0,0.0,1.0,0.0,0.0,1.0,0.0,0.0
732,732,741,0,0.4694320719798969,78.85,1,0,1.0,0.0,1.0,0.0,0.0,1.0,0.0,0.0
733,733,742,1,-0.6467183934478408,262.375,2,2,0.0,1.0,1.0,0.0,0.0,0.0,1.0,0.0
734,734,743,0,-0.4234883003622932,16.1,1,0,1.0,0.0,0.0,0.0,1.0,1.0,0.0,0.0
735,735,744,1,0.0973819168373177,7.925,0,0,1.0,0.0,0.0,0.0,1.0,1.0,0.0,0.0
736,736,745,0,2.999373126949436,71.0,1,1,1.0,0.0,1.0,0.0,0.0,1.0,0.0,0.0
737,737,746,0,-1.01876854859042,20.25,1,1,1.0,0.0,0.0,0.0,1.0,1.0,0.0,0.0
738,738,747,1,0.0229718858088018,13.0,0,0,0.0,1.0,0.0,1.0,0.0,1.0,0.0,0.0
739,739,748,0,-0.7955384555048725,53.1,1,0,1.0,0.0,1.0,0.0,0.0,1.0,0.0,0.0
740,740,749,0,0.0973819168373177,7.75,0,0,1.0,0.0,0.0,0.0,1.0,0.0,0.0,1.0
741,741,750,1,-1.91168892093261,23.0,1,1,0.0,1.0,0.0,1.0,0.0,1.0,0.0,0.0
742,742,751,1,-1.7628688588755783,12.475,0,1,1.0,0.0,0.0,0.0,1.0,1.0,0.0,0.0
743,743,752,0,0.2462019788943494,9.5,0,0,1.0,0.0,0.0,0.0,1.0,1.0,0.0,0.0
744,744,753,0,-0.497898331390809,7.8958,0,0,1.0,0.0,0.0,0.0,1.0,1.0,0.0,0.0
745,745,754,1,1.3623524443220871,65.0,1,2,0.0,1.0,0.0,1.0,0.0,1.0,0.0,0.0
746,746,756,0,-0.1258481762482298,7.7958,0,0,1.0,0.0,0.0,0.0,1.0,1.0,0.0,0.0
747,747,757,0,-0.8699484865333883,11.5,0,0,1.0,0.0,0.0,1.0,0.0,1.0,0.0,0.0
748,748,758,0,0.3206120099228652,8.05,0,0,1.0,0.0,0.0,0.0,1.0,1.0,0.0,0.0
749,749,759,1,0.2462019788943494,86.5,0,0,0.0,1.0,1.0,0.0,0.0,1.0,0.0,0.0
750,750,760,0,-0.5520626331436497,14.5,0,0,1.0,0.0,0.0,0.0,1.0,1.0,0.0,0.0
751,751,761,0,0.8414822271224761,7.125,0,0,1.0,0.0,0.0,0.0,1.0,1.0,0.0,0.0
752,752,762,1,-0.7211284244763566,7.2292,0,0,1.0,0.0,0.0,0.0,1.0,0.0,1.0,0.0
753,753,763,1,0.4694320719798969,120.0,1,2,0.0,1.0,1.0,0.0,0.0,1.0,0.0,0.0
754,754,764,0,-1.01876854859042,7.775,0,0,1.0,0.0,0.0,0.0,1.0,1.0,0.0,0.0
755,755,765,1,1.5855825374076349,77.9583,1,0,0.0,1.0,1.0,0.0,0.0,1.0,0.0,0.0
756,756,766,0,0.7435462246171112,39.6,0,0,1.0,0.0,1.0,0.0,0.0,0.0,1.0,0.0
757,757,767,0,0.0601769013230598,7.75,0,0,0.0,1.0,0.0,0.0,1.0,0.0,0.0,1.0
758,758,768,0,0.220009647972312,24.15,1,0,1.0,0.0,0.0,0.0,1.0,0.0,0.0,1.0
759,759,769,0,0.1717919478658335,8.3625,0,0,1.0,0.0,0.0,0.0,1.0,1.0,0.0,0.0
760,760,770,0,-0.4234883003622932,9.5,0,0,1.0,0.0,0.0,0.0,1.0,1.0,0.0,0.0
761,761,771,0,1.3623524443220871,7.8542,0,0,1.0,0.0,0.0,0.0,1.0,1.0,0.0,0.0
762,762,772,0,2.032042723578729,10.5,0,0,0.0,1.0,0.0,1.0,0.0,1.0,0.0,0.0
763,763,773,0,-0.0274295554355551,7.225,0,0,1.0,0.0,0.0,0.0,1.0,0.0,1.0,0.0
764,764,774,1,1.8088126304931824,23.0,1,3,0.0,1.0,0.0,1.0,0.0,1.0,0.0,0.0
765,765,775,0,-0.8699484865333883,7.75,0,0,1.0,0.0,0.0,0.0,1.0,1.0,0.0,0.0
766,766,776,0,0.3936453374693172,7.75,0,0,1.0,0.0,0.0,0.0,1.0,0.0,0.0,1.0
767,767,777,1,-1.8372788899040944,12.475,0,0,0.0,1.0,0.0,0.0,1.0,1.0,0.0,0.0
768,768,778,0,-0.7123760922155782,7.7375,0,0,1.0,0.0,0.0,0.0,1.0,0.0,0.0,1.0
769,769,779,1,0.9903022891795078,211.3375,0,1,0.0,1.0,1.0,0.0,0.0,1.0,0.0,0.0
770,770,780,1,-1.2419986416759674,7.2292,0,0,0.0,1.0,0.0,0.0,1.0,0.0,1.0,0.0
771,771,781,1,-0.944358517561904,57.0,1,0,0.0,1.0,1.0,0.0,0.0,1.0,0.0,0.0
772,772,782,0,-0.0514381452197139,30.0,0,0,1.0,0.0,1.0,0.0,0.0,1.0,0.0,0.0
773,773,783,0,-1.0233447654986736,23.45,1,2,1.0,0.0,0.0,0.0,1.0,1.0,0.0,0.0
774,774,784,0,-0.3490782693337773,7.05,0,0,1.0,0.0,0.0,0.0,1.0,1.0,0.0,0.0
775,775,785,0,-0.3490782693337773,7.25,0,0,1.0,0.0,0.0,0.0,1.0,1.0,0.0,0.0
776,776,786,1,-0.8699484865333883,7.4958,0,0,0.0,1.0,0.0,0.0,1.0,1.0,0.0,0.0
777,777,787,0,-1.6140487968185466,29.125,4,1,1.0,0.0,0.0,0.0,1.0,0.0,0.0,1.0
778,778,788,1,-2.1349190140181578,20.575,1,2,1.0,0.0,0.0,0.0,1.0,1.0,0.0,0.0
779,779,789,0,1.2135323822650554,79.2,0,0,1.0,0.0,1.0,0.0,0.0,0.0,1.0,0.0
780,780,790,0,0.3936453374693172,7.75,0,0,1.0,0.0,0.0,0.0,1.0,0.0,0.0,1.0
781,781,791,0,-1.01876854859042,26.0,0,0,1.0,0.0,0.0,1.0,0.0,1.0,0.0,0.0
782,782,792,0,-1.3526283727068609,69.55,8,2,0.0,1.0,0.0,0.0,1.0,1.0,0.0,0.0
783,783,793,0,1.5696959957830463,30.6958,0,0,1.0,0.0,1.0,0.0,0.0,0.0,1.0,0.0
784,784,794,0,-0.3490782693337773,7.8958,0,0,1.0,0.0,0.0,0.0,1.0,1.0,0.0,0.0
785,785,795,0,0.6926621650654444,13.0,0,0,1.0,0.0,0.0,1.0,0.0,1.0,0.0,0.0
786,786,796,1,1.436762475350603,25.9292,0,0,0.0,1.0,1.0,0.0,0.0,1.0,0.0,0.0
787,787,797,1,0.0973819168373177,8.6833,0,0,0.0,1.0,0.0,0.0,1.0,1.0,0.0,0.0
788,788,798,0,0.0229718858088018,7.2292,0,0,1.0,0.0,0.0,0.0,1.0,0.0,1.0,0.0
789,789,799,0,0.0229718858088018,24.15,1,1,0.0,1.0,0.0,0.0,1.0,1.0,0.0,0.0
790,790,800,0,0.3206120099228652,13.0,0,0,1.0,0.0,0.0,1.0,0.0,1.0,0.0,0.0
791,791,801,1,0.0973819168373177,26.25,1,1,0.0,1.0,0.0,1.0,0.0,1.0,0.0,0.0
792,792,802,1,-1.390818703732999,120.0,1,2,1.0,0.0,1.0,0.0,0.0,1.0,0.0,0.0
793,793,803,1,-2.1780768320146966,8.5167,0,1,1.0,0.0,0.0,0.0,1.0,0.0,1.0,0.0
794,794,804,1,-0.2002582072767456,6.975,0,0,1.0,0.0,0.0,0.0,1.0,1.0,0.0,0.0
795,795,805,0,0.0973819168373177,7.775,0,0,1.0,0.0,0.0,0.0,1.0,1.0,0.0,0.0
796,796,806,0,0.6926621650654444,0.0,0,0,1.0,0.0,1.0,0.0,0.0,1.0,0.0,0.0
797,797,807,0,-0.8699484865333883,7.775,0,0,0.0,1.0,0.0,0.0,1.0,1.0,0.0,0.0
798,798,808,0,0.6926621650654444,13.0,0,0,1.0,0.0,0.0,1.0,0.0,1.0,0.0,0.0
799,799,809,1,0.2462019788943494,53.1,1,0,0.0,1.0,1.0,0.0,0.0,1.0,0.0,0.0
800,800,810,0,-0.2746682383052615,7.8875,0,0,1.0,0.0,0.0,0.0,1.0,1.0,0.0,0.0
801,801,811,0,0.6926621650654444,24.15,0,0,1.0,0.0,0.0,0.0,1.0,1.0,0.0,0.0
802,802,812,0,0.3950220409513811,10.5,0,0,1.0,0.0,0.0,1.0,0.0,1.0,0.0,0.0
803,803,813,0,-1.7628688588755783,31.275,4,2,0.0,1.0,0.0,0.0,1.0,1.0,0.0,0.0
804,804,814,0,0.0601769013230598,8.05,0,0,1.0,0.0,0.0,0.0,1.0,1.0,0.0,0.0
805,805,815,0,0.6924849983249014,0.0,0,0,1.0,0.0,1.0,0.0,0.0,1.0,0.0,0.0
806,806,816,0,-0.497898331390809,7.925,0,0,0.0,1.0,0.0,0.0,1.0,1.0,0.0,0.0
807,807,817,0,0.0973819168373177,37.0042,1,1,1.0,0.0,0.0,1.0,0.0,0.0,1.0,0.0
808,808,818,0,0.9903022891795078,6.45,0,0,1.0,0.0,0.0,0.0,1.0,1.0,0.0,0.0
809,809,819,0,-1.465228734761515,27.9,3,2,1.0,0.0,0.0,0.0,1.0,1.0,0.0,0.0
810,810,820,1,1.6599925684361505,93.5,1,1,0.0,1.0,1.0,0.0,0.0,1.0,0.0,0.0
811,811,821,1,-0.2002582072767456,8.6625,0,0,1.0,0.0,0.0,0.0,1.0,1.0,0.0,0.0
812,812,822,0,0.6182521340369286,0.0,0,0,1.0,0.0,1.0,0.0,0.0,1.0,0.0,0.0
813,813,823,1,-0.2002582072767456,12.475,0,1,0.0,1.0,0.0,0.0,1.0,1.0,0.0,0.0
814,814,824,0,-2.0605089829896417,39.6875,4,1,1.0,0.0,0.0,0.0,1.0,1.0,0.0,0.0
815,815,825,0,0.4595187070127529,6.95,0,0,1.0,0.0,0.0,0.0,1.0,0.0,0.0,1.0
816,816,826,0,-0.0173276421069599,56.4958,0,0,1.0,0.0,0.0,0.0,1.0,1.0,0.0,0.0
817,817,828,1,0.3936453374693172,7.75,0,0,1.0,0.0,0.0,0.0,1.0,0.0,0.0,1.0
818,818,829,1,2.404092878721309,80.0,0,0,0.0,1.0,1.0,0.0,0.0,1.0,0.0,0.0
819,819,830,1,-1.0931785796189355,14.4542,1,0,0.0,1.0,0.0,0.0,1.0,0.0,1.0,0.0
820,820,832,0,-0.5071588503407715,7.2292,0,0,1.0,0.0,0.0,0.0,1.0,0.0,1.0,0.0
821,821,833,0,-0.497898331390809,7.8542,0,0,1.0,0.0,0.0,0.0,1.0,1.0,0.0,0.0
822,822,834,0,-0.8699484865333883,8.3,0,0,1.0,0.0,0.0,0.0,1.0,1.0,0.0,0.0
823,823,835,1,0.6926621650654444,83.1583,1,1,0.0,1.0,1.0,0.0,0.0,0.0,1.0,0.0
824,824,836,0,-0.6467183934478408,8.6625,0,0,1.0,0.0,0.0,0.0,1.0,1.0,0.0,0.0
825,825,837,0,0.0634811258783985,8.05,0,0,1.0,0.0,0.0,0.0,1.0,1.0,0.0,0.0
826,826,838,1,0.1717919478658335,56.4958,0,0,1.0,0.0,0.0,0.0,1.0,1.0,0.0,0.0
827,827,839,1,1.7227857762871903,29.7,0,0,1.0,0.0,1.0,0.0,0.0,0.0,1.0,0.0
828,828,840,0,-0.7211284244763566,7.925,0,0,1.0,0.0,0.0,0.0,1.0,1.0,0.0,0.0
829,829,841,0,-1.01876854859042,10.5,0,0,1.0,0.0,0.0,1.0,0.0,1.0,0.0,0.0
830,830,842,1,0.0229718858088018,31.0,0,0,0.0,1.0,1.0,0.0,0.0,0.0,1.0,0.0
831,831,843,0,0.3578170254371232,6.4375,0,0,1.0,0.0,0.0,0.0,1.0,0.0,1.0,0.0
832,832,844,0,-0.944358517561904,8.6625,0,0,1.0,0.0,0.0,0.0,1.0,1.0,0.0,0.0
833,833,845,0,0.915892258150992,7.55,0,0,1.0,0.0,0.0,0.0,1.0,1.0,0.0,0.0
834,834,846,0,-1.3526283727068609,69.55,8,2,1.0,0.0,0.0,0.0,1.0,1.0,0.0,0.0
835,835,847,0,0.3950220409513811,7.8958,0,0,1.0,0.0,0.0,0.0,1.0,0.0,1.0,0.0
836,836,848,0,-0.1258481762482298,33.0,0,1,1.0,0.0,0.0,1.0,0.0,1.0,0.0,0.0
837,837,849,1,1.0818177690075552,89.1042,1,0,0.0,1.0,1.0,0.0,0.0,0.0,1.0,0.0
838,838,850,0,-1.91168892093261,31.275,4,2,1.0,0.0,0.0,0.0,1.0,1.0,0.0,0.0
839,839,851,0,3.297013251063499,7.775,0,0,1.0,0.0,0.0,0.0,1.0,1.0,0.0,0.0
840,840,852,0,-1.5396387657900308,15.2458,1,1,0.0,1.0,0.0,0.0,1.0,0.0,1.0,0.0
841,841,853,1,-1.01876854859042,39.4,0,1,0.0,1.0,1.0,0.0,0.0,1.0,0.0,0.0
842,842,854,0,1.0647123202080238,26.0,1,0,0.0,1.0,0.0,1.0,0.0,1.0,0.0,0.0
843,843,855,1,-0.8699484865333883,9.35,0,1,0.0,1.0,0.0,0.0,1.0,1.0,0.0,0.0
844,844,856,1,1.1391223512365396,164.8667,1,1,0.0,1.0,1.0,0.0,0.0,1.0,0.0,0.0
845,845,857,1,1.5855825374076349,26.55,0,0,1.0,0.0,1.0,0.0,0.0,1.0,0.0,0.0
846,846,858,1,-0.4234883003622932,19.2583,0,3,0.0,1.0,0.0,0.0,1.0,0.0,1.0,0.0
847,847,859,0,-0.5071588503407715,7.2292,0,0,1.0,0.0,0.0,0.0,1.0,0.0,1.0,0.0
848,848,860,0,0.8414822271224761,14.1083,2,0,1.0,0.0,0.0,0.0,1.0,1.0,0.0,0.0
849,849,861,0,-0.6467183934478408,11.5,1,0,1.0,0.0,0.0,1.0,0.0,1.0,0.0,0.0
850,850,862,1,1.3623524443220871,25.9292,0,0,0.0,1.0,1.0,0.0,0.0,1.0,0.0,0.0
851,851,863,0,-1.3526283727068609,69.55,8,2,0.0,1.0,0.0,0.0,1.0,1.0,0.0,0.0
852,852,864,0,-0.4234883003622932,13.0,0,0,1.0,0.0,0.0,1.0,0.0,1.0,0.0,0.0
853,853,865,1,0.915892258150992,13.0,0,0,0.0,1.0,0.0,1.0,0.0,1.0,0.0,0.0
854,854,866,1,-0.2002582072767456,13.8583,1,0,0.0,1.0,0.0,1.0,0.0,0.0,1.0,0.0
855,855,867,0,0.0973819168373177,50.4958,0,0,1.0,0.0,1.0,0.0,0.0,1.0,0.0,0.0
856,856,868,0,-0.273145731598277,9.5,0,0,1.0,0.0,0.0,0.0,1.0,1.0,0.0,0.0
857,857,869,1,-1.91168892093261,11.1333,1,1,1.0,0.0,0.0,0.0,1.0,1.0,0.0,0.0
858,858,870,0,-0.2746682383052615,7.8958,0,0,1.0,0.0,0.0,0.0,1.0,1.0,0.0,0.0
859,859,871,1,1.2879424132935713,52.5542,1,1,0.0,1.0,1.0,0.0,0.0,1.0,0.0,0.0
860,860,872,0,0.2462019788943494,5.0,0,0,1.0,0.0,1.0,0.0,0.0,1.0,0.0,0.0
861,861,873,0,1.2879424132935713,9.0,0,0,1.0,0.0,0.0,0.0,1.0,1.0,0.0,0.0
862,862,874,1,-0.1258481762482298,24.0,1,0,0.0,1.0,0.0,1.0,0.0,0.0,1.0,0.0
863,863,875,1,-1.0931785796189355,7.225,0,0,0.0,1.0,0.0,0.0,1.0,0.0,1.0,0.0
864,864,876,0,-0.7211284244763566,9.8458,0,0,1.0,0.0,0.0,0.0,1.0,1.0,0.0,0.0
865,865,877,0,-0.7955384555048725,7.8958,0,0,1.0,0.0,0.0,0.0,1.0,1.0,0.0,0.0
866,866,878,0,-0.1491722153885191,7.8958,0,0,1.0,0.0,0.0,0.0,1.0,1.0,0.0,0.0
867,867,879,1,1.9576326925502137,83.1583,0,1,0.0,1.0,1.0,0.0,0.0,0.0,1.0,0.0
868,868,880,1,-0.3490782693337773,26.0,0,1,0.0,1.0,0.0,1.0,0.0,1.0,0.0,0.0
869,869,881,0,0.2462019788943494,7.8958,0,0,1.0,0.0,0.0,0.0,1.0,1.0,0.0,0.0
870,870,882,0,-0.5723083624193249,10.5167,0,0,0.0,1.0,0.0,0.0,1.0,1.0,0.0,0.0
871,871,883,0,-0.1258481762482298,10.5,0,0,1.0,0.0,0.0,1.0,0.0,1.0,0.0,0.0
872,872,884,0,-0.3490782693337773,7.05,0,0,1.0,0.0,0.0,0.0,1.0,1.0,0.0,0.0
873,873,885,0,0.6926621650654444,29.125,0,5,0.0,1.0,0.0,0.0,1.0,0.0,0.0,1.0
874,874,886,0,-0.2002582072767456,13.0,0,0,1.0,0.0,0.0,1.0,0.0,1.0,0.0,0.0
875,875,887,1,-0.7955384555048725,30.0,0,0,0.0,1.0,1.0,0.0,0.0,1.0,0.0,0.0
876,876,888,0,-1.0233447654986736,23.45,1,2,0.0,1.0,0.0,0.0,1.0,1.0,0.0,0.0
877,877,889,1,-0.2746682383052615,30.0,0,0,1.0,0.0,1.0,0.0,0.0,0.0,1.0,0.0
878,878,890,0,0.1717919478658335,7.75,0,0,1.0,0.0,0.0,0.0,1.0,0.0,0.0,1.0
